Time,Anomaly (deg C),Lower confidence limit (2.5%),Upper confidence limit (97.5%)
1850-01,-0.44851005,-0.7835925,-0.11342754
1850-02,-0.5161171,-0.8375053,-0.19472893
1850-03,-0.679384,-1.0372189,-0.32154915
1850-04,-0.50416344,-0.89131993,-0.11700703
1850-05,-0.40912414,-0.8176924,-0.00055590214
1850-06,-0.4950043,-0.9197306,-0.07027803
1850-07,-0.25807837,-0.6522898,0.13613309
1850-08,-0.43092555,-0.8732367,0.011385592
1850-09,-0.4515077,-0.90466,0.0016446412
1850-10,-0.31469855,-0.7087553,0.07935822
1850-11,-0.000587348,-0.30324656,0.30207187
1850-12,-0.286217,-0.5657863,-0.006647713
1851-01,-0.35657808,-0.6849385,-0.028217655
1851-02,-0.4369947,-0.7342451,-0.13974431
1851-03,-0.2850089,-0.61200315,0.041985285
1851-04,-0.39535868,-0.76893514,-0.021782234
1851-05,-0.28364074,-0.7311218,0.16384035
1851-06,-0.3258755,-0.7719018,0.120150775
1851-07,-0.13972086,-0.5104759,0.23103419
1851-08,-0.19729999,-0.6214048,0.22680487
1851-09,-0.27075225,-0.7276931,0.18618856
1851-10,-0.074833244,-0.47200754,0.32234105
1851-11,0.045762915,-0.36069843,0.45222425
1851-12,-0.24910702,-0.6203279,0.12211388
1852-01,-0.39744994,-0.71885985,-0.07604
1852-02,-0.47058183,-0.8236703,-0.11749336
1852-03,-0.44324976,-0.77547103,-0.11102851
1852-04,-0.45183176,-0.8453277,-0.058335833
1852-05,-0.22614732,-0.6584171,0.20612244
1852-06,-0.14587438,-0.55896306,0.2672143
1852-07,0.021988573,-0.3485095,0.39248663
1852-08,-0.21551771,-0.63384736,0.20281191
1852-09,0.01667251,-0.41283745,0.44618246
1852-10,-0.27509987,-0.63802344,0.08782367
1852-11,-0.032544877,-0.35650653,0.29141676
1852-12,-0.05751676,-0.34327224,0.22823872
1853-01,-0.41749513,-0.7372156,-0.097774684
1853-02,-0.38725993,-0.64288056,-0.13163927
1853-03,-0.055617914,-0.34655705,0.23532122
1853-04,-0.31682092,-0.6332448,-0.00039697552
1853-05,-0.37257305,-0.76429754,0.019151459
1853-06,-0.30863708,-0.68859345,0.07131933
1853-07,-0.23421948,-0.56975406,0.10131512
1853-08,-0.21066841,-0.6081474,0.18681052
1853-09,-0.30511937,-0.6535463,0.04330749
1853-10,-0.4013855,-0.71751535,-0.08525559
1853-11,-0.22125086,-0.5268935,0.08439176
1853-12,-0.31275287,-0.60604376,-0.019461948
1854-01,-0.30503556,-0.5482534,-0.06181767
1854-02,-0.2998275,-0.5396821,-0.05997287
1854-03,-0.40035498,-0.67367834,-0.12703161
1854-04,-0.35634068,-0.66280866,-0.0498727
1854-05,-0.3873229,-0.72300816,-0.05163763
1854-06,-0.24850523,-0.61463606,0.117625594
1854-07,-0.42448393,-0.75169873,-0.09726914
1854-08,-0.5297215,-0.8955016,-0.16394146
1854-09,-0.31043342,-0.66135544,0.04048862
1854-10,-0.35737443,-0.62313515,-0.091613695
1854-11,-0.53897876,-0.8261886,-0.25176886
1854-12,-0.74184495,-0.9962451,-0.4874448
1855-01,-0.3218592,-0.59151256,-0.052205853
1855-02,-0.2561413,-0.47959822,-0.03268436
1855-03,-0.33436322,-0.5809214,-0.087805025
1855-04,-0.5021407,-0.78711814,-0.21716322
1855-05,-0.5383208,-0.8664297,-0.21021183
1855-06,-0.49006402,-0.8510319,-0.12909618
1855-07,-0.45173952,-0.7550963,-0.14838268
1855-08,-0.25107005,-0.6036747,0.10153457
1855-09,-0.21525976,-0.5161853,0.08566578
1855-10,-0.26965335,-0.5484304,0.0091237
1855-11,-0.32973593,-0.5851333,-0.074338555
1855-12,-0.21876276,-0.47700354,0.03947804
1856-01,-0.17744118,-0.43001688,0.075134516
1856-02,-0.29302657,-0.538059,-0.047994148
1856-03,-0.20738457,-0.4357644,0.020995252
1856-04,-0.3883579,-0.63570297,-0.14101285
1856-05,-0.34653085,-0.6893148,-0.0037469615
1856-06,-0.33799905,-0.6932842,0.017286085
1856-07,-0.17637047,-0.47874194,0.126001
1856-08,-0.20187938,-0.5679187,0.16415995
1856-09,-0.40775084,-0.7376556,-0.077846065
1856-10,-0.387903,-0.66426027,-0.11154572
1856-11,-0.4131737,-0.66415024,-0.16219722
1856-12,-0.34818116,-0.57909375,-0.117268585
1857-01,-0.316929,-0.56177056,-0.07208744
1857-02,-0.45171273,-0.67078584,-0.23263961
1857-03,-0.49296212,-0.73110783,-0.25481644
1857-04,-0.55083734,-0.80787444,-0.29380026
1857-05,-0.5847098,-0.90150774,-0.26791197
1857-06,-0.40924406,-0.7369419,-0.08154626
1857-07,-0.5686444,-0.86729336,-0.26999542
1857-08,-0.52208424,-0.8936058,-0.15056261
1857-09,-0.42185828,-0.7636022,-0.080114335
1857-10,-0.44445813,-0.7196963,-0.16922002
1857-11,-0.61051375,-0.8764047,-0.34462273
1857-12,-0.4228074,-0.6696722,-0.17594264
1858-01,-0.46774226,-0.7061132,-0.22937128
1858-02,-0.35149494,-0.57810783,-0.124882065
1858-03,-0.5293144,-0.7559042,-0.30272457
1858-04,-0.55615777,-0.81034094,-0.30197456
1858-05,-0.67655146,-0.9970721,-0.3560308
1858-06,-0.471738,-0.8399723,-0.10350372
1858-07,-0.43098813,-0.7315947,-0.1303816
1858-08,-0.21982826,-0.5766983,0.13704175
1858-09,-0.19000387,-0.5069559,0.12694816
1858-10,-0.4013423,-0.686787,-0.11589759
1858-11,-0.30547372,-0.58877695,-0.022170512
1858-12,-0.4264885,-0.6820531,-0.17092386
1859-01,-0.42511332,-0.68306994,-0.1671567
1859-02,-0.36704174,-0.58920383,-0.14487961
1859-03,-0.36359864,-0.59004223,-0.13715504
1859-04,-0.23103124,-0.5091531,0.04709062
1859-05,-0.28961527,-0.59809965,0.018869134
1859-06,-0.37064585,-0.70029515,-0.04099656
1859-07,-0.35657004,-0.648925,-0.064215064
1859-08,-0.34631532,-0.7142157,0.021585094
1859-09,-0.40054455,-0.72430325,-0.07678588
1859-10,-0.23177108,-0.52930856,0.06576636
1859-11,-0.3242034,-0.607242,-0.041164853
1859-12,-0.07051148,-0.33289233,0.19186935
1860-01,-0.20416245,-0.425748,0.017423104
1860-02,-0.2961626,-0.5450451,-0.04728017
1860-03,-0.30496347,-0.55205584,-0.05787108
1860-04,-0.2813479,-0.5424367,-0.020259066
1860-05,-0.44873223,-0.7305533,-0.16691113
1860-06,-0.3184657,-0.6913156,0.05438418
1860-07,-0.2706656,-0.5980027,0.05667155
1860-08,-0.20552094,-0.61351514,0.20247328
1860-09,-0.24903089,-0.599632,0.10157027
1860-10,-0.41998777,-0.717008,-0.122967534
1860-11,-0.3879046,-0.6636711,-0.11213814
1860-12,-0.46863532,-0.72484744,-0.21242325
1861-01,-0.45352018,-0.68181336,-0.225227
1861-02,-0.58767056,-0.85350764,-0.3218335
1861-03,-0.4370481,-0.6941674,-0.1799288
1861-04,-0.224634,-0.56094843,0.11168043
1861-05,-0.80461264,-1.2172893,-0.39193597
1861-06,-0.40061167,-0.7839273,-0.017296009
1861-07,-0.64700997,-0.982269,-0.31175098
1861-08,-0.19398758,-0.56748295,0.17950779
1861-09,-0.29264542,-0.66586316,0.08057236
1861-10,-0.5392138,-0.84040445,-0.23802309
1861-11,-0.4722053,-0.7287502,-0.2156604
1861-12,-0.3829919,-0.6921747,-0.07380915
1862-01,-0.5366541,-0.80928516,-0.264023
1862-02,-0.4264183,-0.6800015,-0.17283513
1862-03,-0.2336567,-0.5205885,0.05327509
1862-04,-0.24596336,-0.55172735,0.059800606
1862-05,-0.1432072,-0.5020978,0.21568336
1862-06,-0.19966562,-0.5645894,0.16525811
1862-07,-0.35001013,-0.68827415,-0.011746103
1862-08,-0.61371964,-1.0189416,-0.20849766
1862-09,-0.38507766,-0.7215091,-0.04864621
1862-10,-0.38011187,-0.678463,-0.08176075
1862-11,-0.4317372,-0.72368085,-0.13979359
1862-12,-0.5085004,-0.79688156,-0.22011921
1863-01,-0.3412109,-0.62154377,-0.060878064
1863-02,-0.23650171,-0.5015142,0.028510792
1863-03,-0.3751403,-0.67546916,-0.07481145
1863-04,-0.2601617,-0.58783185,0.06750843
1863-05,-0.5757566,-0.9378516,-0.21366163
1863-06,-0.4492698,-0.83115786,-0.06738176
1863-07,-0.37295893,-0.7237737,-0.022144137
1863-08,-0.41383442,-0.7890749,-0.038593937
1863-09,-0.48705983,-0.8304914,-0.14362824
1863-10,-0.35940266,-0.6801683,-0.038637046
1863-11,-0.42539227,-0.70059234,-0.15019219
1863-12,-0.35123995,-0.6105946,-0.091885366
1864-01,-0.7449575,-1.0452764,-0.44463858
1864-02,-0.60137933,-0.87628865,-0.32647005
1864-03,-0.49133563,-0.7995397,-0.18313159
1864-04,-0.5287343,-0.887049,-0.17041965
1864-05,-0.3222761,-0.6868526,0.042300366
1864-06,-0.4100404,-0.8245709,0.004490027
1864-07,-0.39213744,-0.72976536,-0.054509524
1864-08,-0.6399168,-0.99909306,-0.28074056
1864-09,-0.50782925,-0.86663574,-0.14902273
1864-10,-0.51205724,-0.8307434,-0.19337112
1864-11,-0.20719783,-0.5108683,0.09647267
1864-12,-0.27289692,-0.540858,-0.00493584
1865-01,-0.33983055,-0.61885124,-0.06080981
1865-02,-0.17333044,-0.45995423,0.11329333
1865-03,-0.2706124,-0.5770085,0.035783704
1865-04,-0.1607553,-0.5127778,0.19126722
1865-05,-0.495531,-0.8702361,-0.12082583
1865-06,-0.32816097,-0.6835577,0.027235724
1865-07,-0.26349232,-0.6233606,0.096375965
1865-08,-0.22200081,-0.59727323,0.15327159
1865-09,-0.31769213,-0.6804457,0.045061413
1865-10,-0.31966197,-0.6348427,-0.004481245
1865-11,-0.4150113,-0.67246336,-0.15755919
1865-12,-0.26583713,-0.510914,-0.020760227
1866-01,-0.16317667,-0.46023235,0.133879
1866-02,-0.26937604,-0.56747735,0.028725253
1866-03,-0.4967111,-0.8282465,-0.16517574
1866-04,-0.37535414,-0.7027143,-0.047993988
1866-05,-0.39167702,-0.7654518,-0.017902287
1866-06,-0.16196387,-0.52600694,0.20207924
1866-07,-0.10032019,-0.4409544,0.24031399
1866-08,-0.316795,-0.68569416,0.05210416
1866-09,-0.39315405,-0.76226556,-0.024042565
1866-10,-0.24815205,-0.55691767,0.060613543
1866-11,-0.32137546,-0.58234423,-0.060406655
1866-12,-0.46743956,-0.70414853,-0.23073062
1867-01,-0.30931607,-0.6421723,0.023540128
1867-02,-0.3881618,-0.70691764,-0.06940597
1867-03,-0.29072863,-0.55624014,-0.025217127
1867-04,-0.24620086,-0.5827375,0.090335816
1867-05,-0.2944503,-0.65560615,0.06670553
1867-06,-0.34490347,-0.72755754,0.037750594
1867-07,-0.36064145,-0.70816195,-0.0131209735
1867-08,-0.48946878,-0.8635043,-0.115433246
1867-09,-0.16739129,-0.51800525,0.18322268
1867-10,-0.11824205,-0.4194111,0.18292698
1867-11,-0.22765163,-0.48831904,0.033015795
1867-12,-0.46884483,-0.72045106,-0.21723856
1868-01,-0.5638383,-0.8534736,-0.27420306
1868-02,-0.38363,-0.68212205,-0.085137986
1868-03,-0.15569581,-0.44499967,0.13360804
1868-04,-0.44060618,-0.7744141,-0.106798224
1868-05,-0.3373516,-0.70634496,0.03164178
1868-06,-0.5272202,-0.88559633,-0.16884404
1868-07,-0.44225964,-0.7654604,-0.119058914
1868-08,-0.26404312,-0.6273691,0.09928288
1868-09,-0.28824505,-0.58251584,0.0060257223
1868-10,-0.22084768,-0.49259654,0.0509012
1868-11,-0.18562612,-0.44360918,0.07235694
1868-12,-0.333148,-0.5783865,-0.08790955
1869-01,-0.33818743,-0.6078509,-0.06852394
1869-02,-0.11447745,-0.37547037,0.14651546
1869-03,-0.44537312,-0.71563584,-0.17511044
1869-04,-0.29124403,-0.5720335,-0.010454554
1869-05,-0.44146276,-0.7842887,-0.09863683
1869-06,-0.58017063,-0.97519857,-0.18514274
1869-07,-0.6702611,-1.0057371,-0.33478516
1869-08,-0.38897008,-0.7778039,-0.00013627604
1869-09,-0.30434442,-0.60333383,-0.0053549483
1869-10,-0.36565056,-0.60383874,-0.12746239
1869-11,-0.27368745,-0.49929482,-0.048080068
1869-12,-0.39869872,-0.6494269,-0.14797054
1870-01,-0.19738618,-0.4198806,0.025108244
1870-02,-0.30224115,-0.50078464,-0.10369767
1870-03,-0.443796,-0.66294605,-0.22464596
1870-04,-0.27524027,-0.54374814,-0.0067323693
1870-05,-0.5069214,-0.82978994,-0.18405293
1870-06,-0.4096953,-0.7342784,-0.08511222
1870-07,-0.22461733,-0.54476,0.09552528
1870-08,-0.34093454,-0.70163655,0.019767458
1870-09,-0.3207326,-0.6442374,0.0027722071
1870-10,-0.48573557,-0.73867863,-0.23279247
1870-11,-0.32834628,-0.597928,-0.058764577
1870-12,-0.28891677,-0.56240344,-0.01543009
1871-01,-0.2736747,-0.50474054,-0.04260891
1871-02,-0.22799289,-0.44290894,-0.013076838
1871-03,-0.10862291,-0.35220605,0.13496023
1871-04,-0.28985175,-0.5262436,-0.053459894
1871-05,-0.27514333,-0.57000333,0.019716645
1871-06,-0.33304998,-0.68463886,0.018538848
1871-07,-0.13681187,-0.43747792,0.16385418
1871-08,-0.52343595,-0.8788611,-0.16801079
1871-09,-0.39336154,-0.6826917,-0.10403142
1871-10,-0.50663674,-0.78260595,-0.23066752
1871-11,-0.17428662,-0.41361782,0.06504458
1871-12,-0.31160235,-0.57412356,-0.04908115
1872-01,-0.3719323,-0.5789356,-0.164929
1872-02,-0.37955612,-0.62349427,-0.13561802
1872-03,-0.45358863,-0.6908792,-0.21629801
1872-04,-0.33749893,-0.60818005,-0.06681781
1872-05,-0.24817488,-0.54851854,0.052168798
1872-06,-0.36787182,-0.68112737,-0.054616284
1872-07,-0.2500889,-0.56370926,0.063531496
1872-08,-0.19103982,-0.566917,0.1848374
1872-09,-0.32912767,-0.632866,-0.025389265
1872-10,-0.2223445,-0.4774088,0.03271981
1872-11,-0.09272889,-0.3197763,0.13431852
1872-12,-0.3447847,-0.5689444,-0.12062507
1873-01,-0.042505544,-0.25610748,0.17109638
1873-02,-0.17177317,-0.3846779,0.041131563
1873-03,-0.25121573,-0.48523355,-0.017197914
1873-04,-0.27391437,-0.5204701,-0.027358681
1873-05,-0.24720575,-0.56891507,0.0745036
1873-06,-0.34759125,-0.69067377,-0.004508739
1873-07,-0.23657766,-0.53663737,0.06348204
1873-08,-0.28569022,-0.62553763,0.054157186
1873-09,-0.39338765,-0.69959366,-0.08718161
1873-10,-0.46807966,-0.71159214,-0.22456719
1873-11,-0.44288948,-0.6743475,-0.21143143
1873-12,-0.5240031,-0.7976588,-0.2503474
1874-01,-0.29686514,-0.52283335,-0.070896946
1874-02,-0.46503377,-0.68407667,-0.24599089
1874-03,-0.5134551,-0.72725064,-0.29965955
1874-04,-0.48952404,-0.7272895,-0.25175858
1874-05,-0.5925224,-0.90638226,-0.27866244
1874-06,-0.8256997,-1.1529559,-0.49844348
1874-07,-0.15353297,-0.4846712,0.17760526
1874-08,-0.43077767,-0.805214,-0.05634135
1874-09,-0.34374315,-0.6144948,-0.072991475
1874-10,-0.5693645,-0.8155722,-0.32315677
1874-11,-0.41554922,-0.6466215,-0.18447687
1874-12,-0.3371681,-0.5899937,-0.0843425
1875-01,-0.23065233,-0.4617631,0.00045845346
1875-02,-0.17931858,-0.38877192,0.030134767
1875-03,-0.39405042,-0.610313,-0.17778786
1875-04,-0.18114519,-0.4717977,0.109507315
1875-05,-0.18398032,-0.51181555,0.14385489
1875-06,-0.44225183,-0.78511566,-0.09938799
1875-07,-0.30306032,-0.58547443,-0.020646194
1875-08,-0.25224936,-0.60756195,0.103063256
1875-09,-0.15543067,-0.4437627,0.13290136
1875-10,-0.24786627,-0.5027596,0.007027025
1875-11,-0.18768287,-0.43876168,0.063395955
1875-12,-0.45266652,-0.6598167,-0.24551632
1876-01,-0.40378514,-0.6322938,-0.17527649
1876-02,-0.29086244,-0.5118107,-0.06991417
1876-03,-0.3095021,-0.53713197,-0.08187221
1876-04,-0.3917122,-0.6658348,-0.1175896
1876-05,-0.46481538,-0.7773978,-0.15223297
1876-06,-0.55515784,-0.90389955,-0.20641614
1876-07,-0.4049156,-0.70263577,-0.10719543
1876-08,-0.45412463,-0.82635033,-0.08189889
1876-09,-0.58638185,-0.9441672,-0.22859652
1876-10,-0.32351738,-0.59055805,-0.056476668
1876-11,-0.4915698,-0.7387865,-0.24435304
1876-12,-0.28269863,-0.53005,-0.03534731
1877-01,-0.30534282,-0.5271499,-0.08353568
1877-02,-0.047884736,-0.26205346,0.16628398
1877-03,-0.004854754,-0.23110183,0.22139232
1877-04,-0.2261972,-0.47706553,0.024671156
1877-05,-0.51063305,-0.8035332,-0.21773285
1877-06,-0.30081582,-0.63508266,0.033451024
1877-07,-0.12271331,-0.4489236,0.20349696
1877-08,0.044570234,-0.31517503,0.4043155
1877-09,0.050641276,-0.2468952,0.34817776
1877-10,0.18210672,-0.10677819,0.4709916
1877-11,-0.013302334,-0.23184098,0.20523632
1877-12,0.044161286,-0.16931792,0.25764048
1878-01,0.19045508,-0.0044165817,0.38532674
1878-02,0.1782831,-0.027577894,0.3841441
1878-03,0.14934264,-0.102671154,0.40135646
1878-04,0.12583853,-0.1334825,0.38515958
1878-05,-0.15459442,-0.4577909,0.14860207
1878-06,-0.3592385,-0.69954336,-0.018933652
1878-07,-0.24713561,-0.5495848,0.05531361
1878-08,-0.2085498,-0.56503105,0.14793147
1878-09,-0.15274718,-0.44138426,0.13588987
1878-10,-0.1641051,-0.42730278,0.09909258
1878-11,-0.19126311,-0.43390846,0.051382244
1878-12,-0.29237893,-0.4990231,-0.085734785
1879-01,-0.2661942,-0.48666435,-0.045724053
1879-02,-0.26523858,-0.46769944,-0.06277771
1879-03,-0.26008898,-0.47049806,-0.049679894
1879-04,-0.3176181,-0.560805,-0.07443117
1879-05,-0.37017134,-0.6684315,-0.071911156
1879-06,-0.25144577,-0.56054103,0.057649508
1879-07,-0.30822977,-0.6056787,-0.010780858
1879-08,-0.21997434,-0.566191,0.12624232
1879-09,-0.2294789,-0.5165496,0.05759182
1879-10,-0.29760322,-0.5380152,-0.057191223
1879-11,-0.20431188,-0.4449062,0.036282457
1879-12,-0.2618851,-0.49053013,-0.03324009
1880-01,-0.31073156,-0.50772506,-0.113738105
1880-02,-0.26016054,-0.4595843,-0.060736768
1880-03,-0.029484581,-0.24613269,0.18716353
1880-04,-0.21076687,-0.43438476,0.012851046
1880-05,-0.34748146,-0.63145,-0.063512936
1880-06,-0.45921636,-0.7659952,-0.15243754
1880-07,-0.32217214,-0.6089014,-0.035442904
1880-08,-0.03404566,-0.3737291,0.3056378
1880-09,-0.26947105,-0.5704626,0.03152044
1880-10,-0.36147296,-0.5974895,-0.12545641
1880-11,-0.21603334,-0.42698166,-0.005085004
1880-12,-0.15095991,-0.37915897,0.07723917
1881-01,-0.19497035,-0.38487718,-0.0050635203
1881-02,-0.12905559,-0.32203844,0.06392727
1881-03,-0.11708527,-0.33404258,0.09987205
1881-04,-0.08282043,-0.30532262,0.13968174
1881-05,-0.096154496,-0.42452756,0.23221855
1881-06,-0.42006764,-0.7565547,-0.083580546
1881-07,-0.20129487,-0.48891076,0.08632104
1881-08,-0.19940844,-0.53956294,0.14074609
1881-09,-0.3216051,-0.61574715,-0.02746303
1881-10,-0.12118015,-0.36889747,0.12653716
1881-11,-0.15416427,-0.37583828,0.067509755
1881-12,-0.12748687,-0.33341488,0.07844114
1882-01,-0.14986187,-0.3313145,0.03159078
1882-02,-0.07020158,-0.25981432,0.11941114
1882-03,-0.11345181,-0.2988543,0.07195065
1882-04,-0.19818129,-0.42087168,0.024509089
1882-05,-0.23788807,-0.51640403,0.040627904
1882-06,-0.33787605,-0.6474163,-0.02833582
1882-07,-0.2650542,-0.54515827,0.015049863
1882-08,-0.24893703,-0.5846282,0.086754166
1882-09,-0.106013685,-0.3692199,0.15719254
1882-10,-0.22555768,-0.45832112,0.0072057755
1882-11,-0.23329581,-0.45685714,-0.009734469
1882-12,-0.4306533,-0.65475845,-0.20654817
1883-01,-0.17680871,-0.35336044,-0.00025701025
1883-02,-0.16894002,-0.34775752,0.009877458
1883-03,-0.13504094,-0.32681826,0.056736376
1883-04,-0.4470853,-0.6685369,-0.22563365
1883-05,-0.3016983,-0.5847944,-0.018602189
1883-06,-0.13852145,-0.44781724,0.17077434
1883-07,-0.21040492,-0.4749941,0.054184254
1883-08,-0.30325457,-0.6347427,0.028233532
1883-09,-0.31303573,-0.5736723,-0.05239916
1883-10,-0.3501621,-0.5846157,-0.11570849
1883-11,-0.17226073,-0.38382044,0.039298974
1883-12,-0.47341153,-0.662151,-0.2846721
1884-01,-0.35187295,-0.5366699,-0.16707598
1884-02,-0.1974462,-0.369974,-0.024918402
1884-03,-0.17817077,-0.37296695,0.016625402
1884-04,-0.2769531,-0.48536724,-0.06853894
1884-05,-0.48093775,-0.75868887,-0.20318665
1884-06,-0.4644471,-0.77407753,-0.15481673
1884-07,-0.53266275,-0.8010141,-0.2643113
1884-08,-0.2657294,-0.5940635,0.06260471
1884-09,-0.3243723,-0.58854586,-0.060198717
1884-10,-0.3710186,-0.6014445,-0.14059268
1884-11,-0.32677743,-0.5244951,-0.12905978
1884-12,-0.43175587,-0.6288989,-0.23461281
1885-01,-0.36590335,-0.5497032,-0.18210348
1885-02,-0.42591402,-0.6063753,-0.24545276
1885-03,-0.3871579,-0.5784888,-0.19582698
1885-04,-0.5690605,-0.78179324,-0.3563277
1885-05,-0.60605884,-0.88336873,-0.32874897
1885-06,-0.6465806,-0.9584473,-0.33471388
1885-07,-0.4731333,-0.7491023,-0.19716425
1885-08,-0.5364437,-0.86572456,-0.20716289
1885-09,-0.3535561,-0.6194913,-0.087620884
1885-10,-0.36763695,-0.60550755,-0.12976635
1885-11,-0.18794933,-0.3905805,0.014681852
1885-12,-0.2719319,-0.47016978,-0.07369401
1886-01,-0.3791553,-0.5584641,-0.19984652
1886-02,-0.28597683,-0.4590827,-0.11287093
1886-03,-0.309784,-0.48982129,-0.12974672
1886-04,-0.33453038,-0.5550184,-0.11404236
1886-05,-0.24523778,-0.5308307,0.040355105
1886-06,-0.53595,-0.8431027,-0.22879735
1886-07,-0.4545533,-0.7120996,-0.197007
1886-08,-0.52573615,-0.8621384,-0.18933386
1886-09,-0.39534882,-0.65552753,-0.1351701
1886-10,-0.42421162,-0.66045296,-0.18797027
1886-11,-0.36501163,-0.555998,-0.1740253
1886-12,-0.500595,-0.687145,-0.314045
1887-01,-0.46684083,-0.6403819,-0.29329976
1887-02,-0.5477449,-0.72241277,-0.37307715
1887-03,-0.46414465,-0.6501537,-0.2781356
1887-04,-0.48124278,-0.70067394,-0.2618116
1887-05,-0.6201076,-0.9233255,-0.3168896
1887-06,-0.6086583,-0.92261463,-0.29470202
1887-07,-0.4441736,-0.7104357,-0.17791153
1887-08,-0.38433105,-0.71627235,-0.052389774
1887-09,-0.48539767,-0.7473835,-0.22341184
1887-10,-0.47644636,-0.71310115,-0.23979159
1887-11,-0.48865652,-0.6814968,-0.29581627
1887-12,-0.57248527,-0.773734,-0.3712366
1888-01,-0.56672823,-0.7293433,-0.40411314
1888-02,-0.42023706,-0.57933205,-0.26114213
1888-03,-0.4961071,-0.67672896,-0.3154853
1888-04,-0.4049116,-0.6114882,-0.19833499
1888-05,-0.44663218,-0.7382269,-0.1550375
1888-06,-0.46615136,-0.7681712,-0.16413148
1888-07,-0.47962004,-0.7407415,-0.21849859
1888-08,-0.38837144,-0.716707,-0.060035907
1888-09,-0.3645996,-0.6231611,-0.10603809
1888-10,-0.22806217,-0.45782843,0.0017040907
1888-11,-0.23682614,-0.4315263,-0.04212597
1888-12,-0.13745561,-0.33044133,0.055530116
1889-01,-0.08149353,-0.25302872,0.09004165
1889-02,-0.04539522,-0.21705909,0.12626866
1889-03,-0.0037261231,-0.19614486,0.18869261
1889-04,-0.15288159,-0.37196815,0.06620495
1889-05,-0.15675457,-0.4515307,0.13802157
1889-06,-0.33721095,-0.648125,-0.02629694
1889-07,-0.36811557,-0.64496964,-0.091261506
1889-08,-0.400056,-0.72867197,-0.071440026
1889-09,-0.44635987,-0.7121799,-0.1805398
1889-10,-0.37701923,-0.6102555,-0.14378296
1889-11,-0.27575198,-0.4814385,-0.07006543
1889-12,-0.22713748,-0.45196447,-0.0023104823
1890-01,-0.39022928,-0.5640877,-0.21637088
1890-02,-0.4005999,-0.597148,-0.20405176
1890-03,-0.49156085,-0.69721013,-0.28591153
1890-04,-0.5045811,-0.7252058,-0.28395638
1890-05,-0.54755926,-0.8321979,-0.2629206
1890-06,-0.52603614,-0.8326156,-0.2194567
1890-07,-0.5434145,-0.82115674,-0.2656722
1890-08,-0.5121012,-0.85401475,-0.17018758
1890-09,-0.52377117,-0.79546267,-0.2520797
1890-10,-0.57837147,-0.8191882,-0.33755475
1890-11,-0.52959496,-0.7414844,-0.31770548
1890-12,-0.3327097,-0.53677756,-0.1286418
1891-01,-0.4784904,-0.65563416,-0.30134666
1891-02,-0.36886415,-0.5564883,-0.18124002
1891-03,-0.28138617,-0.49059916,-0.072173186
1891-04,-0.35043636,-0.5901368,-0.11073585
1891-05,-0.30404425,-0.60802805,-6.045234e-05
1891-06,-0.48324576,-0.78907937,-0.17741215
1891-07,-0.52247083,-0.80230033,-0.24264136
1891-08,-0.5061792,-0.8624419,-0.14991651
1891-09,-0.38381872,-0.67653745,-0.09109997
1891-10,-0.31955516,-0.5825488,-0.05656155
1891-11,-0.36976707,-0.57693976,-0.16259438
1891-12,-0.32047662,-0.53290033,-0.1080529
1892-01,-0.3390054,-0.53808117,-0.13992968
1892-02,-0.19637933,-0.3854114,-0.007347253
1892-03,-0.28052545,-0.48867717,-0.07237371
1892-04,-0.4487841,-0.6840102,-0.213558
1892-05,-0.41087753,-0.71770895,-0.104046114
1892-06,-0.5626602,-0.88748145,-0.23783895
1892-07,-0.6428067,-0.94875467,-0.33685875
1892-08,-0.5229484,-0.8736712,-0.17222561
1892-09,-0.4133305,-0.6965338,-0.13012724
1892-10,-0.4997807,-0.7780033,-0.22155814
1892-11,-0.3812741,-0.61330795,-0.14924023
1892-12,-0.57030946,-0.8000286,-0.34059036
1893-01,-0.5335193,-0.7301937,-0.33684492
1893-02,-0.4584824,-0.65201914,-0.2649457
1893-03,-0.30045038,-0.5118623,-0.089038506
1893-04,-0.5638259,-0.79825634,-0.3293955
1893-05,-0.5221146,-0.8382074,-0.20602165
1893-06,-0.59742355,-0.93014187,-0.2647053
1893-07,-0.36844715,-0.6646276,-0.07226673
1893-08,-0.3385364,-0.69420993,0.017137088
1893-09,-0.4081144,-0.6884308,-0.12779804
1893-10,-0.36068988,-0.62994856,-0.09143118
1893-11,-0.38421375,-0.60512275,-0.16330472
1893-12,-0.35436082,-0.5812513,-0.12747031
1894-01,-0.40601468,-0.5951697,-0.21685965
1894-02,-0.42145866,-0.63363427,-0.2092831
1894-03,-0.54167813,-0.76066965,-0.32268664
1894-04,-0.6094937,-0.84083265,-0.37815475
1894-05,-0.6725187,-0.98433346,-0.36070386
1894-06,-0.6450236,-0.9773189,-0.31272832
1894-07,-0.5820169,-0.87148565,-0.29254815
1894-08,-0.48095223,-0.82694656,-0.13495792
1894-09,-0.57819664,-0.8716101,-0.2847832
1894-10,-0.49134508,-0.76940715,-0.21328303
1894-11,-0.37126103,-0.5986433,-0.14387879
1894-12,-0.49921376,-0.71520364,-0.28322387
1895-01,-0.39213195,-0.5825998,-0.20166409
1895-02,-0.47591293,-0.6733062,-0.27851966
1895-03,-0.4920679,-0.7071235,-0.27701232
1895-04,-0.57022786,-0.8209521,-0.31950366
1895-05,-0.55692774,-0.871597,-0.24225846
1895-06,-0.40326592,-0.71470475,-0.091827124
1895-07,-0.42118195,-0.7119781,-0.13038583
1895-08,-0.35217887,-0.70416224,-0.00019544718
1895-09,-0.6018068,-0.8764175,-0.32719612
1895-10,-0.46183974,-0.7023614,-0.2213181
1895-11,-0.33173525,-0.5439131,-0.119557366
1895-12,-0.36931258,-0.57767147,-0.16095366
1896-01,-0.2442588,-0.43079257,-0.05772503
1896-02,-0.29599583,-0.4904213,-0.101570405
1896-03,-0.33739114,-0.53485537,-0.13992694
1896-04,-0.34295335,-0.58246535,-0.10344135
1896-05,-0.40227228,-0.74085605,-0.06368855
1896-06,-0.40517718,-0.7248968,-0.085457556
1896-07,-0.25343004,-0.5298851,0.023025027
1896-08,-0.22317831,-0.5706477,0.12429109
1896-09,-0.30616227,-0.60421306,-0.008111519
1896-10,-0.25574303,-0.5041855,-0.00730058
1896-11,-0.14166532,-0.34339628,0.060065635
1896-12,-0.08666301,-0.31411892,0.1407929
1897-01,-0.15428814,-0.3471309,0.038554594
1897-02,-0.17082445,-0.37438983,0.03274092
1897-03,-0.14317892,-0.36473244,0.078374594
1897-04,-0.11607178,-0.35514534,0.12300177
1897-05,-0.24058647,-0.55062187,0.06944894
1897-06,-0.23383453,-0.55393,0.08626089
1897-07,-0.37245247,-0.64978886,-0.095116094
1897-08,-0.29857966,-0.6652402,0.06808089
1897-09,-0.32723245,-0.6049284,-0.049536526
1897-10,-0.32114142,-0.58566815,-0.056614734
1897-11,-0.41644716,-0.6324824,-0.20041189
1897-12,-0.42184132,-0.6349795,-0.2087032
1898-01,-0.33079615,-0.52742016,-0.13417214
1898-02,-0.47624385,-0.67220086,-0.2802869
1898-03,-0.5713939,-0.8020042,-0.3407836
1898-04,-0.7784846,-1.0274992,-0.52947
1898-05,-0.6710276,-0.9770138,-0.36504135
1898-06,-0.44146112,-0.74979395,-0.13312826
1898-07,-0.58004504,-0.8844732,-0.27561688
1898-08,-0.50294137,-0.8574415,-0.1484413
1898-09,-0.4681975,-0.749098,-0.18729699
1898-10,-0.57128066,-0.8165105,-0.32605088
1898-11,-0.52438277,-0.7335786,-0.31518686
1898-12,-0.57739216,-0.7946956,-0.36008865
1899-01,-0.42448172,-0.61664736,-0.2323161
1899-02,-0.38500145,-0.5803388,-0.18966417
1899-03,-0.33588463,-0.54078746,-0.13098182
1899-04,-0.47582048,-0.7209199,-0.23072104
1899-05,-0.39108646,-0.6934431,-0.0887298
1899-06,-0.49556494,-0.809567,-0.18156289
1899-07,-0.48239514,-0.7672675,-0.19752273
1899-08,-0.35403278,-0.7142464,0.006180839
1899-09,-0.24024296,-0.52449,0.044004094
1899-10,-0.32525057,-0.57501566,-0.07548543
1899-11,-0.26432297,-0.45968702,-0.06895893
1899-12,-0.35978144,-0.5710649,-0.14849798
1900-01,-0.27873713,-0.4760704,-0.08140386
1900-02,-0.056791894,-0.25549594,0.14191215
1900-03,-0.30271447,-0.51545155,-0.08997742
1900-04,-0.24080594,-0.50222737,0.020615494
1900-05,-0.40685728,-0.7045591,-0.109155506
1900-06,-0.33177388,-0.6551821,-0.008365644
1900-07,-0.22682275,-0.51525277,0.061607294
1900-08,-0.28462267,-0.6460673,0.07682196
1900-09,-0.2899791,-0.58701885,0.0070606936
1900-10,-0.26358992,-0.5226011,-0.0045787613
1900-11,-0.23245768,-0.44115424,-0.023761125
1900-12,-0.3375387,-0.5549561,-0.120121285
1901-01,-0.25689018,-0.44699055,-0.06678983
1901-02,-0.3527859,-0.5393377,-0.16623405
1901-03,-0.4065024,-0.6144541,-0.19855073
1901-04,-0.34566352,-0.5959362,-0.09539086
1901-05,-0.2477669,-0.5650733,0.069539495
1901-06,-0.36815408,-0.6887482,-0.04755998
1901-07,-0.52248466,-0.80952907,-0.2354402
1901-08,-0.3149911,-0.6752006,0.045218423
1901-09,-0.43366852,-0.7152949,-0.15204218
1901-10,-0.34657165,-0.6063563,-0.08678701
1901-11,-0.42356467,-0.63595676,-0.2111726
1901-12,-0.4439163,-0.66208416,-0.22574838
1902-01,-0.44652885,-0.63062507,-0.26243266
1902-02,-0.33452174,-0.51884043,-0.15020306
1902-03,-0.36772245,-0.56923544,-0.1662095
1902-04,-0.3270193,-0.56512034,-0.088918276
1902-05,-0.35708058,-0.66304153,-0.051119674
1902-06,-0.41893828,-0.73724186,-0.10063467
1902-07,-0.39971507,-0.67419875,-0.12523139
1902-08,-0.5521985,-0.8985079,-0.20588914
1902-09,-0.372732,-0.65699244,-0.08847154
1902-10,-0.5629258,-0.8112503,-0.3146013
1902-11,-0.43553227,-0.6416147,-0.22944985
1902-12,-0.44162977,-0.66367936,-0.21958013
1903-01,-0.4998789,-0.6682034,-0.3315544
1903-02,-0.40119505,-0.5797667,-0.22262344
1903-03,-0.383571,-0.56823987,-0.19890209
1903-04,-0.614164,-0.8440629,-0.38426512
1903-05,-0.5159502,-0.8251694,-0.20673096
1903-06,-0.55131876,-0.8584986,-0.24413893
1903-07,-0.53615296,-0.8179683,-0.2543376
1903-08,-0.61571646,-0.98301697,-0.24841598
1903-09,-0.5854231,-0.8642286,-0.30661753
1903-10,-0.7341013,-0.9799328,-0.4882698
1903-11,-0.6232792,-0.82035553,-0.42620295
1903-12,-0.6774115,-0.8786154,-0.4762076
1904-01,-0.697191,-0.8779318,-0.5164503
1904-02,-0.6863759,-0.8669649,-0.50578696
1904-03,-0.6624513,-0.85567147,-0.46923113
1904-04,-0.6333061,-0.8728428,-0.39376938
1904-05,-0.6690145,-0.95791876,-0.38011023
1904-06,-0.6383493,-0.9475731,-0.32912552
1904-07,-0.5559918,-0.822248,-0.2897357
1904-08,-0.53277737,-0.89125717,-0.17429759
1904-09,-0.5685841,-0.859768,-0.27740023
1904-10,-0.6641107,-0.90177524,-0.4264462
1904-11,-0.5461833,-0.73817736,-0.3541892
1904-12,-0.54665995,-0.736151,-0.35716894
1905-01,-0.4423219,-0.6223082,-0.2623356
1905-02,-0.51667595,-0.70020455,-0.33314735
1905-03,-0.44054613,-0.6365676,-0.24452467
1905-04,-0.48895934,-0.7334385,-0.24448018
1905-05,-0.42225423,-0.7210953,-0.12341314
1905-06,-0.34621567,-0.65289176,-0.039539576
1905-07,-0.48748258,-0.76038545,-0.21457973
1905-08,-0.33310407,-0.69653916,0.030330963
1905-09,-0.43950182,-0.7147447,-0.16425893
1905-10,-0.38574424,-0.622553,-0.14893554
1905-11,-0.3657459,-0.55260545,-0.17888637
1905-12,-0.27641553,-0.47909656,-0.07373451
1906-01,-0.17389914,-0.34925118,0.0014529002
1906-02,-0.16599156,-0.32936674,-0.0026163755
1906-03,-0.29479173,-0.4802464,-0.109337054
1906-04,-0.19584852,-0.42044204,0.028745007
1906-05,-0.42931435,-0.7232904,-0.13533829
1906-06,-0.40725183,-0.7199641,-0.09453955
1906-07,-0.37504354,-0.6519582,-0.09812886
1906-08,-0.42704767,-0.7894918,-0.06460355
1906-09,-0.5173744,-0.7995191,-0.23522969
1906-10,-0.49642804,-0.72835356,-0.26450253
1906-11,-0.5543851,-0.7404879,-0.3682824
1906-12,-0.49750164,-0.6903143,-0.304689
1907-01,-0.38637683,-0.55703986,-0.21571377
1907-02,-0.47014835,-0.64771736,-0.29257938
1907-03,-0.31818774,-0.5141734,-0.122202136
1907-04,-0.41705865,-0.647957,-0.1861603
1907-05,-0.55544853,-0.84157455,-0.26932248
1907-06,-0.5050987,-0.819149,-0.1910484
1907-07,-0.44553128,-0.71529955,-0.17576297
1907-08,-0.5206728,-0.8910634,-0.1502822
1907-09,-0.42959708,-0.703154,-0.15604012
1907-10,-0.49688852,-0.72817165,-0.26560545
1907-11,-0.52208215,-0.69719166,-0.34697258
1907-12,-0.59206283,-0.7815293,-0.4025963
1908-01,-0.45444405,-0.62770635,-0.28118178
1908-02,-0.42011732,-0.58780074,-0.25243384
1908-03,-0.5112802,-0.69428813,-0.32827222
1908-04,-0.6081733,-0.8290878,-0.3872589
1908-05,-0.5324718,-0.8209856,-0.24395788
1908-06,-0.5453866,-0.8594233,-0.23134993
1908-07,-0.48339778,-0.75256675,-0.21422885
1908-08,-0.5583951,-0.93541646,-0.18137376
1908-09,-0.52255785,-0.8080771,-0.2370386
1908-10,-0.74572533,-0.9778983,-0.51355237
1908-11,-0.597404,-0.7712995,-0.42350858
1908-12,-0.61917716,-0.8073153,-0.431039
1909-01,-0.6348336,-0.804742,-0.46492523
1909-02,-0.57031757,-0.7441098,-0.39652535
1909-03,-0.55157596,-0.7305889,-0.37256297
1909-04,-0.5930086,-0.8142759,-0.37174124
1909-05,-0.6298977,-0.9139373,-0.34585822
1909-06,-0.5564757,-0.8685619,-0.24438944
1909-07,-0.63869387,-0.90381145,-0.3735763
1909-08,-0.3790766,-0.7447678,-0.013385452
1909-09,-0.50956976,-0.78583294,-0.2333066
1909-10,-0.6198385,-0.84491646,-0.39476046
1909-11,-0.5841016,-0.75846595,-0.40973726
1909-12,-0.6657837,-0.8460576,-0.48550978
1910-01,-0.48848113,-0.6545621,-0.32240018
1910-02,-0.59672683,-0.76532006,-0.4281336
1910-03,-0.62393606,-0.81978023,-0.4280919
1910-04,-0.53913283,-0.752444,-0.32582167
1910-05,-0.60781235,-0.89481074,-0.32081398
1910-06,-0.5626233,-0.8716714,-0.2535753
1910-07,-0.48905057,-0.7630427,-0.21505843
1910-08,-0.4440238,-0.8187618,-0.06928577
1910-09,-0.48237666,-0.7601541,-0.20459923
1910-10,-0.6218892,-0.8422319,-0.40154642
1910-11,-0.70082235,-0.878345,-0.52329975
1910-12,-0.6901638,-0.87989616,-0.50043136
1911-01,-0.6118367,-0.77483094,-0.44884235
1911-02,-0.7117394,-0.8656318,-0.557847
1911-03,-0.7798844,-0.95051533,-0.60925347
1911-04,-0.76933056,-0.99136084,-0.5473002
1911-05,-0.7462358,-1.0355006,-0.45697096
1911-06,-0.7659785,-1.0732182,-0.45873877
1911-07,-0.6371832,-0.91693586,-0.35743052
1911-08,-0.62639815,-0.9864406,-0.26635566
1911-09,-0.67845047,-0.97345126,-0.38344967
1911-10,-0.49154133,-0.71984017,-0.26324248
1911-11,-0.4293545,-0.6072733,-0.2514357
1911-12,-0.2546386,-0.44901624,-0.060260963
1912-01,-0.21895894,-0.38631028,-0.051607605
1912-02,-0.35302368,-0.50922185,-0.1968255
1912-03,-0.3166569,-0.47726047,-0.15605333
1912-04,-0.34022993,-0.5516578,-0.12880206
1912-05,-0.39989656,-0.67880434,-0.12098877
1912-06,-0.45117414,-0.7466308,-0.15571752
1912-07,-0.4943479,-0.7506175,-0.2380783
1912-08,-0.48379648,-0.8501615,-0.117431484
1912-09,-0.52267575,-0.78961813,-0.25573343
1912-10,-0.5131066,-0.7318571,-0.29435602
1912-11,-0.5109062,-0.6885639,-0.3332485
1912-12,-0.44737813,-0.6355148,-0.2592415
1913-01,-0.48727193,-0.66539663,-0.30914724
1913-02,-0.34148076,-0.5018082,-0.18115328
1913-03,-0.5105856,-0.69341904,-0.3277521
1913-04,-0.49299186,-0.749201,-0.23678276
1913-05,-0.46203092,-0.7563436,-0.16771825
1913-06,-0.5238113,-0.84202516,-0.2055974
1913-07,-0.4084877,-0.68221354,-0.13476187
1913-08,-0.42431152,-0.7920457,-0.05657734
1913-09,-0.43574286,-0.7066822,-0.1648035
1913-10,-0.43859994,-0.66899186,-0.20820798
1913-11,-0.43004143,-0.6146365,-0.2454464
1913-12,-0.31936046,-0.5151818,-0.12353918
1914-01,-0.26698396,-0.4395702,-0.094397694
1914-02,-0.2929404,-0.46189046,-0.12399034
1914-03,-0.25929564,-0.44298753,-0.075603716
1914-04,-0.3242774,-0.5531796,-0.0953752
1914-05,-0.3394714,-0.6319295,-0.047013246
1914-06,-0.33951896,-0.6486626,-0.030375257
1914-07,-0.28667608,-0.5594351,-0.013917065
1914-08,-0.2449308,-0.61923957,0.12937795
1914-09,-0.32477155,-0.6406565,-0.00888663
1914-10,-0.13251136,-0.3846741,0.11965139
1914-11,-0.04154283,-0.24360724,0.16052158
1914-12,-0.21937227,-0.42151946,-0.017225094
1915-01,-0.26758146,-0.47898218,-0.056180716
1915-02,-0.19856277,-0.41351265,0.016387096
1915-03,-0.06983117,-0.2957851,0.15612274
1915-04,-0.12812425,-0.38388047,0.12763198
1915-05,-0.25782597,-0.59532267,0.07967075
1915-06,-0.2501099,-0.5880102,0.08779034
1915-07,-0.19618581,-0.5187531,0.1263815
1915-08,-0.11989481,-0.5277285,0.2879389
1915-09,-0.110364795,-0.40673476,0.18600516
1915-10,-0.22511703,-0.4781704,0.02793634
1915-11,-0.26942217,-0.46290272,-0.07594162
1915-12,-0.40404525,-0.6003717,-0.20771879
1916-01,-0.36339948,-0.5651146,-0.16168433
1916-02,-0.22400376,-0.44114015,-0.006867378
1916-03,-0.29575557,-0.50583047,-0.08568071
1916-04,-0.34480837,-0.5920963,-0.09752042
1916-05,-0.446891,-0.7966862,-0.09709585
1916-06,-0.5364332,-0.89722437,-0.17564209
1916-07,-0.5479709,-0.87733835,-0.21860339
1916-08,-0.29588243,-0.68985474,0.09808984
1916-09,-0.24521424,-0.551389,0.060960498
1916-10,-0.3674377,-0.6304262,-0.104449175
1916-11,-0.5237101,-0.73830706,-0.3091131
1916-12,-0.57070786,-0.78171504,-0.35970074
1917-01,-0.71491575,-0.94007826,-0.48975325
1917-02,-0.6527385,-0.8961706,-0.40930644
1917-03,-0.7007465,-0.9330186,-0.46847433
1917-04,-0.53603065,-0.8022412,-0.26982015
1917-05,-0.5742195,-0.9259024,-0.22253664
1917-06,-0.46929306,-0.8410992,-0.09748686
1917-07,-0.23257956,-0.5695257,0.104366586
1917-08,-0.39794254,-0.8444809,0.048595805
1917-09,-0.31437618,-0.62413543,-0.004616915
1917-10,-0.39913493,-0.66583204,-0.13243781
1917-11,-0.5142211,-0.7380043,-0.29043785
1917-12,-0.51084816,-0.7533712,-0.2683251
1918-01,-0.4478693,-0.67996174,-0.2157769
1918-02,-0.69975495,-0.93668664,-0.4628233
1918-03,-0.608337,-0.8564558,-0.36021817
1918-04,-0.60055345,-0.89973867,-0.30136818
1918-05,-0.44134307,-0.8285502,-0.054135893
1918-06,-0.24417509,-0.61832273,0.12997253
1918-07,-0.38294977,-0.70573497,-0.060164597
1918-08,-0.50909585,-0.93250257,-0.08568915
1918-09,-0.28943634,-0.620984,0.042111356
1918-10,-0.11952395,-0.4334275,0.19437961
1918-11,-0.016520878,-0.3046684,0.27162662
1918-12,-0.1966381,-0.44934615,0.056069933
1919-01,-0.12023422,-0.3824168,0.14194836
1919-02,-0.070570976,-0.31976676,0.17862482
1919-03,-0.14164571,-0.4269602,0.14366877
1919-04,-0.15085442,-0.4828878,0.18117894
1919-05,-0.18537067,-0.55825585,0.18751453
1919-06,-0.30636016,-0.6609097,0.048189428
1919-07,-0.3331318,-0.6716461,0.005382571
1919-08,-0.33262745,-0.75784457,0.092589654
1919-09,-0.38549656,-0.6997964,-0.07119674
1919-10,-0.38811627,-0.67644066,-0.09979184
1919-11,-0.5451341,-0.768359,-0.32190925
1919-12,-0.3841067,-0.6059903,-0.16222309
1920-01,-0.32291833,-0.5629925,-0.082844116
1920-02,-0.61855656,-0.8103575,-0.4267556
1920-03,-0.16717164,-0.4056534,0.0713101
1920-04,-0.35137025,-0.65435743,-0.04838303
1920-05,-0.25761408,-0.6055306,0.090302475
1920-06,-0.23847163,-0.6003183,0.12337506
1920-07,-0.39842176,-0.7245327,-0.072310865
1920-08,-0.26433244,-0.66752577,0.1388609
1920-09,-0.11064843,-0.4169233,0.19562645
1920-10,-0.16171478,-0.41147128,0.08804173
1920-11,-0.217323,-0.45361406,0.018968055
1920-12,-0.34641305,-0.55442965,-0.13839647
1921-01,-0.37120387,-0.5832823,-0.15912549
1921-02,-0.41319558,-0.6245427,-0.20184849
1921-03,-0.33674738,-0.5682096,-0.105285175
1921-04,-0.44235095,-0.7073303,-0.17737162
1921-05,-0.32891876,-0.65916836,0.001330837
1921-06,-0.21132164,-0.5637236,0.14108036
1921-07,-0.31340772,-0.63628477,0.009469359
1921-08,-0.4402356,-0.8369053,-0.043565955
1921-09,-0.26670906,-0.5664932,0.033075053
1921-10,-0.19007835,-0.44394,0.06378332
1921-11,-0.19148059,-0.39603052,0.013069346
1921-12,-0.31033298,-0.50791377,-0.11275219
1922-01,-0.39864767,-0.59795517,-0.19934018
1922-02,-0.25451475,-0.43433452,-0.07469496
1922-03,-0.39348683,-0.6036833,-0.18329039
1922-04,-0.33406538,-0.57939327,-0.08873748
1922-05,-0.6314004,-0.94733,-0.3154708
1922-06,-0.38720146,-0.7033408,-0.07106211
1922-07,-0.30620363,-0.6043633,-0.00804395
1922-08,-0.37564617,-0.74799615,-0.0032962132
1922-09,-0.2887146,-0.56732225,-0.010106935
1922-10,-0.4071557,-0.6434559,-0.17085546
1922-11,-0.33068407,-0.5111523,-0.15021582
1922-12,-0.4017894,-0.5834701,-0.22010867
1923-01,-0.4813761,-0.6584766,-0.3042756
1923-02,-0.40067747,-0.58887696,-0.21247798
1923-03,-0.35597077,-0.5577127,-0.15422885
1923-04,-0.22707935,-0.47664058,0.022481881
1923-05,-0.4295963,-0.73247707,-0.12671556
1923-06,-0.2901408,-0.610432,0.030150454
1923-07,-0.5562599,-0.83304995,-0.2794698
1923-08,-0.44327927,-0.8213978,-0.06516074
1923-09,-0.51147795,-0.7977608,-0.22519517
1923-10,-0.43753013,-0.6773222,-0.19773804
1923-11,-0.22518606,-0.41007474,-0.04029739
1923-12,-0.2068995,-0.39388844,-0.019910533
1924-01,-0.2899106,-0.4845272,-0.09529404
1924-02,-0.40120852,-0.59253544,-0.20988159
1924-03,-0.3234584,-0.52307665,-0.12384015
1924-04,-0.37154156,-0.6205394,-0.1225437
1924-05,-0.31092435,-0.61287576,-0.00897294
1924-06,-0.36517188,-0.68491447,-0.04542929
1924-07,-0.4075509,-0.67592037,-0.13918144
1924-08,-0.47364742,-0.8563059,-0.09098893
1924-09,-0.48743215,-0.7808987,-0.19396566
1924-10,-0.54409397,-0.7843926,-0.3037953
1924-11,-0.6082737,-0.7887324,-0.42781493
1924-12,-0.5928037,-0.76875377,-0.41685364
1925-01,-0.58621556,-0.7744871,-0.39794406
1925-02,-0.47880518,-0.66188747,-0.29572296
1925-03,-0.42431933,-0.6180064,-0.23063222
1925-04,-0.40941602,-0.66098183,-0.15785024
1925-05,-0.35996786,-0.6799125,-0.040023196
1925-06,-0.40460232,-0.7486854,-0.060519215
1925-07,-0.45098522,-0.72344387,-0.1785266
1925-08,-0.23023853,-0.6087462,0.14826909
1925-09,-0.5331455,-0.8350015,-0.23128942
1925-10,-0.49164307,-0.74398345,-0.23930271
1925-11,-0.2118065,-0.39709216,-0.026520845
1925-12,-0.17311545,-0.3632948,0.017063897
1926-01,-0.22430669,-0.40264398,-0.04596941
1926-02,-0.18670905,-0.36792094,-0.005497177
1926-03,-0.08372188,-0.27994245,0.11249868
1926-04,-0.1502839,-0.408668,0.108100206
1926-05,-0.33426487,-0.63984513,-0.028684612
1926-06,-0.23068239,-0.5465976,0.08523282
1926-07,-0.3230865,-0.59786314,-0.048309878
1926-08,-0.22080992,-0.6120619,0.17044207
1926-09,-0.26826265,-0.55124784,0.014722574
1926-10,-0.24811992,-0.48221833,-0.014021515
1926-11,-0.29406574,-0.47131604,-0.11681546
1926-12,-0.359097,-0.5443543,-0.1738397
1927-01,-0.3090478,-0.50795656,-0.110139005
1927-02,-0.31447154,-0.4906138,-0.13832931
1927-03,-0.390533,-0.57747567,-0.20359035
1927-04,-0.36130017,-0.602457,-0.12014336
1927-05,-0.37294874,-0.6724742,-0.07342323
1927-06,-0.38974357,-0.7136481,-0.065839045
1927-07,-0.3573579,-0.62892896,-0.085786775
1927-08,-0.39247,-0.7626735,-0.022266451
1927-09,-0.31686252,-0.5961894,-0.0375357
1927-10,-0.33290324,-0.57316077,-0.09264569
1927-11,-0.37127128,-0.5518149,-0.19072767
1927-12,-0.31331572,-0.505699,-0.12093249
1928-01,-0.20678252,-0.4058844,-0.00768064
1928-02,-0.28923336,-0.4833424,-0.09512432
1928-03,-0.36797547,-0.57583165,-0.16011927
1928-04,-0.25298902,-0.49245217,-0.01352587
1928-05,-0.4489663,-0.755661,-0.14227156
1928-06,-0.41267395,-0.7314789,-0.093868956
1928-07,-0.2952222,-0.56354535,-0.026899047
1928-08,-0.25723633,-0.62408775,0.10961511
1928-09,-0.33970636,-0.63927495,-0.04013781
1928-10,-0.33875746,-0.57116586,-0.10634904
1928-11,-0.30392563,-0.5042525,-0.10359874
1928-12,-0.39846078,-0.592849,-0.20407252
1929-01,-0.3420168,-0.5387771,-0.14525646
1929-02,-0.49853417,-0.68969,-0.30737832
1929-03,-0.6033391,-0.81214726,-0.39453083
1929-04,-0.53822744,-0.7943379,-0.2821169
1929-05,-0.55157596,-0.86231595,-0.240836
1929-06,-0.45482376,-0.7713705,-0.13827708
1929-07,-0.5325481,-0.8146495,-0.2504467
1929-08,-0.44742617,-0.8352644,-0.059587955
1929-09,-0.40825656,-0.7071369,-0.1093762
1929-10,-0.4064568,-0.64938116,-0.16353244
1929-11,-0.16534899,-0.3533981,0.022700127
1929-12,-0.43703452,-0.6252602,-0.24880889
1930-01,-0.5298377,-0.7412893,-0.3183861
1930-02,-0.45521304,-0.6460115,-0.26441455
1930-03,-0.43286145,-0.6422358,-0.22348711
1930-04,-0.3032784,-0.55842376,-0.04813302
1930-05,-0.30103728,-0.6013727,-0.0007018449
1930-06,-0.27463564,-0.59898764,0.04971635
1930-07,-0.39404446,-0.70919263,-0.078896314
1930-08,-0.30500194,-0.69454956,0.084545694
1930-09,-0.24121447,-0.54448587,0.062056933
1930-10,-0.25174803,-0.49439532,-0.009100708
1930-11,-0.19666888,-0.3971621,0.0038243656
1930-12,-0.19764163,-0.39064646,-0.0046367925
1931-01,-0.21556689,-0.4115654,-0.019568378
1931-02,-0.16042906,-0.32684082,0.0059826844
1931-03,-0.17209335,-0.37650073,0.032314043
1931-04,-0.21878235,-0.46369055,0.026125852
1931-05,-0.28666145,-0.5957377,0.02241484
1931-06,-0.22842911,-0.5574268,0.10056857
1931-07,-0.16308284,-0.47310483,0.14693916
1931-08,-0.2234478,-0.62323064,0.17633504
1931-09,-0.30313855,-0.5839627,-0.022314398
1931-10,-0.369503,-0.6177868,-0.121219166
1931-11,-0.3941765,-0.5818626,-0.20649035
1931-12,-0.29658708,-0.48051202,-0.11266216
1932-01,-0.15895495,-0.35090536,0.032995462
1932-02,-0.16686557,-0.35243925,0.018708099
1932-03,-0.14931649,-0.34968305,0.051050067
1932-04,-0.23802382,-0.46919322,-0.0068544373
1932-05,-0.24146761,-0.528434,0.04549879
1932-06,-0.41899964,-0.72703093,-0.110968344
1932-07,-0.20873152,-0.49900952,0.081546485
1932-08,-0.34909612,-0.736946,0.038753748
1932-09,-0.1655822,-0.44193605,0.11077166
1932-10,-0.3153663,-0.55008096,-0.08065163
1932-11,-0.29180908,-0.47225603,-0.111362144
1932-12,-0.337665,-0.52774894,-0.14758103
1933-01,-0.3302527,-0.51177263,-0.14873278
1933-02,-0.3610892,-0.5201368,-0.20204166
1933-03,-0.37243026,-0.5537396,-0.19112094
1933-04,-0.38514137,-0.62914747,-0.14113532
1933-05,-0.3075438,-0.6238057,0.008718061
1933-06,-0.31511027,-0.6589469,0.028726324
1933-07,-0.4643725,-0.7538484,-0.1748966
1933-08,-0.26029757,-0.63915426,0.11855917
1933-09,-0.38846275,-0.68178886,-0.09513665
1933-10,-0.32527423,-0.5634405,-0.08710795
1933-11,-0.5087934,-0.68410903,-0.3334778
1933-12,-0.5368812,-0.7204331,-0.3533293
1934-01,-0.39741609,-0.5703625,-0.2244697
1934-02,-0.54431987,-0.69787055,-0.39076915
1934-03,-0.4064399,-0.58106184,-0.23181792
1934-04,-0.3886157,-0.62235075,-0.15488066
1934-05,-0.25511482,-0.5502564,0.040026736
1934-06,-0.13607134,-0.4906975,0.21855481
1934-07,-0.2749607,-0.5693413,0.019419886
1934-08,-0.15524583,-0.5581313,0.24763963
1934-09,-0.18500087,-0.46884164,0.09883991
1934-10,-0.27186254,-0.5128281,-0.030896988
1934-11,-0.2259493,-0.40354955,-0.04834905
1934-12,-0.30225608,-0.4771376,-0.12737459
1935-01,-0.2777686,-0.46797064,-0.08756658
1935-02,-0.37233254,-0.53906786,-0.20559719
1935-03,-0.40923893,-0.5764205,-0.24205738
1935-04,-0.3572675,-0.60377604,-0.11075898
1935-05,-0.3623581,-0.67845273,-0.04626344
1935-06,-0.3157524,-0.65561557,0.024110835
1935-07,-0.28197947,-0.57317585,0.009216895
1935-08,-0.31931993,-0.6931712,0.05453131
1935-09,-0.32502308,-0.6036046,-0.046441555
1935-10,-0.2508889,-0.47323915,-0.028538687
1935-11,-0.3002333,-0.47029778,-0.13016881
1935-12,-0.3346517,-0.5014688,-0.16783462
1936-01,-0.40832326,-0.56595933,-0.25068718
1936-02,-0.24514973,-0.39417303,-0.09612644
1936-03,-0.4020116,-0.56737834,-0.23664482
1936-04,-0.31738278,-0.54131365,-0.093451925
1936-05,-0.30983576,-0.61200255,-0.0076689892
1936-06,-0.3188856,-0.6247892,-0.012981981
1936-07,-0.22073984,-0.5008473,0.059367575
1936-08,-0.22336406,-0.59884846,0.15212034
1936-09,-0.27761048,-0.5480971,-0.0071238815
1936-10,-0.11132038,-0.34171987,0.11907912
1936-11,-0.21992981,-0.38775665,-0.052102983
1936-12,-0.2820033,-0.4552619,-0.10874472
1937-01,-0.24970403,-0.4241974,-0.07521066
1937-02,-0.10200438,-0.26758224,0.06357349
1937-03,-0.25956908,-0.43753368,-0.08160448
1937-04,-0.19064486,-0.42327806,0.041988347
1937-05,-0.28005576,-0.5818466,0.02173507
1937-06,-0.16905938,-0.4981427,0.16002393
1937-07,-0.09709875,-0.3734001,0.1792026
1937-08,-0.10264566,-0.47172433,0.266433
1937-09,-0.0350474,-0.31620032,0.2461055
1937-10,-0.0929129,-0.3352164,0.14939061
1937-11,-0.12792096,-0.30176347,0.045921583
1937-12,-0.2153052,-0.39659303,-0.03401733
1938-01,-0.19725266,-0.36874256,-0.025762767
1938-02,-0.26349118,-0.41560274,-0.11137965
1938-03,-0.17509581,-0.3439148,-0.006276826
1938-04,-0.19720758,-0.44302258,0.048607387
1938-05,-0.21587473,-0.54245603,0.11070655
1938-06,-0.141812,-0.4633831,0.17975911
1938-07,-0.1526102,-0.43446234,0.12924194
1938-08,-0.14993355,-0.52606076,0.22619367
1938-09,-0.17212872,-0.45506954,0.110812105
1938-10,-0.013916001,-0.25575656,0.22792457
1938-11,-0.22147027,-0.3960921,-0.046848446
1938-12,-0.30588233,-0.48931038,-0.122454256
1939-01,-0.16812392,-0.33456942,-0.0016784164
1939-02,-0.16953593,-0.3186235,-0.020448336
1939-03,-0.23288722,-0.39422968,-0.07154479
1939-04,-0.13916826,-0.36716762,0.08883109
1939-05,-0.06567566,-0.35828406,0.22693273
1939-06,0.03646982,-0.29094008,0.36387974
1939-07,-0.09475987,-0.39672178,0.20720206
1939-08,-0.18469602,-0.5956776,0.22628559
1939-09,-0.17686465,-0.50606835,0.15233903
1939-10,-0.22712077,-0.5254367,0.07119517
1939-11,-0.15675987,-0.3854204,0.07190067
1939-12,-0.04070396,-0.26425645,0.18284853
1940-01,-0.07484136,-0.276804,0.1271213
1940-02,0.06620564,-0.12552123,0.2579325
1940-03,-0.023562038,-0.23384678,0.18672271
1940-04,0.04386682,-0.28541014,0.37314376
1940-05,0.0013408547,-0.35494766,0.35762936
1940-06,0.035801947,-0.3191727,0.3907766
1940-07,0.18366104,-0.13982543,0.50714755
1940-08,0.11426431,-0.2929643,0.5214929
1940-09,0.07092269,-0.2233713,0.36521667
1940-10,-0.04761983,-0.32020774,0.22496808
1940-11,-0.17226897,-0.379603,0.035065036
1940-12,0.16091937,-0.053630363,0.37546912
1941-01,-0.08238693,-0.38426867,0.21949479
1941-02,-0.025568832,-0.30816406,0.25702637
1941-03,-0.12654205,-0.4172559,0.16417183
1941-04,0.06426128,-0.29239187,0.4209144
1941-05,0.042862926,-0.37548274,0.46120858
1941-06,0.024222206,-0.37699038,0.4254348
1941-07,0.16019554,-0.1937807,0.5141718
1941-08,-0.017427396,-0.45700333,0.42214853
1941-09,-0.30972162,-0.6683936,0.048950344
1941-10,0.093156666,-0.2271339,0.41344723
1941-11,0.031492703,-0.26324618,0.3262316
1941-12,0.1546758,-0.12756294,0.43691453
1942-01,0.20152147,-0.08379974,0.48684266
1942-02,0.06598445,-0.21138155,0.34335047
1942-03,0.031770658,-0.251458,0.3149993
1942-04,-0.05181933,-0.40717182,0.30353317
1942-05,0.12641723,-0.29738933,0.5502238
1942-06,-0.018371388,-0.42530906,0.3885663
1942-07,-0.12106642,-0.4956671,0.25353426
1942-08,-0.0158395,-0.48654848,0.45486948
1942-09,-0.09890011,-0.47472948,0.27692926
1942-10,-0.32269412,-0.65510285,0.009714592
1942-11,-0.25435758,-0.5502068,0.041491617
1942-12,-0.23059309,-0.5171617,0.055975594
1943-01,-0.10754451,-0.43483523,0.21974622
1943-02,-0.23455977,-0.5398888,0.07076927
1943-03,-0.19154629,-0.51918244,0.13608986
1943-04,-0.1712086,-0.5264848,0.18406759
1943-05,-0.121046044,-0.55520004,0.31310794
1943-06,-0.0394038,-0.45655563,0.37774804
1943-07,0.0033571743,-0.37220168,0.37891603
1943-08,-0.07171325,-0.55018896,0.40676248
1943-09,-0.13713337,-0.50746596,0.2331992
1943-10,0.05189656,-0.28871408,0.3925072
1943-11,-0.087375574,-0.396475,0.22172384
1943-12,-0.089333445,-0.38354772,0.20488083
1944-01,0.06096751,-0.2320699,0.35400492
1944-02,-0.064462095,-0.34725794,0.21833375
1944-03,0.0339665,-0.2842738,0.3522068
1944-04,-0.0066672056,-0.3577619,0.34442747
1944-05,0.017597707,-0.4087199,0.4439153
1944-06,0.12034954,-0.30305842,0.5437575
1944-07,0.19241221,-0.18534301,0.5701674
1944-08,0.25460142,-0.23642583,0.7456287
1944-09,0.06946254,-0.28679562,0.4257207
1944-10,0.016543668,-0.30702057,0.3401079
1944-11,0.0126757305,-0.2773695,0.30272093
1944-12,0.11029166,-0.16050193,0.38108525
1945-01,0.03501184,-0.26859382,0.3386175
1945-02,0.16133484,-0.13278544,0.45545512
1945-03,0.09556835,-0.21603848,0.40717518
1945-04,0.17139928,-0.18701829,0.52981687
1945-05,-0.16906817,-0.61918455,0.28104824
1945-06,-0.16494806,-0.5938307,0.26393455
1945-07,-0.037384473,-0.43394738,0.35917845
1945-08,0.22292726,-0.27739868,0.7232532
1945-09,0.055172384,-0.3043419,0.41468668
1945-10,-0.06444069,-0.41176608,0.2828847
1945-11,-0.11042888,-0.43247154,0.21161377
1945-12,-0.16343701,-0.45027894,0.123404935
1946-01,-0.13763528,-0.39523843,0.119967856
1946-02,-0.2579073,-0.5212852,0.0054705823
1946-03,-0.1901302,-0.45142177,0.07116136
1946-04,-0.19263996,-0.48478323,0.099503286
1946-05,-0.16903545,-0.5019078,0.16383694
1946-06,-0.41255945,-0.7743255,-0.050793383
1946-07,-0.15466617,-0.49071613,0.18138379
1946-08,-0.26234138,-0.67955655,0.1548738
1946-09,-0.15118878,-0.47503823,0.17266068
1946-10,-0.16696821,-0.43473965,0.10080322
1946-11,-0.31304526,-0.5447891,-0.081301406
1946-12,-0.30574405,-0.5195865,-0.09190161
1947-01,-0.18944393,-0.4015039,0.022616
1947-02,-0.30078247,-0.49095428,-0.11061068
1947-03,-0.31921235,-0.5332713,-0.1051534
1947-04,-0.20243762,-0.48146725,0.076592
1947-05,-0.08523954,-0.4243953,0.2539162
1947-06,-0.09909786,-0.48183942,0.2836437
1947-07,-0.102402575,-0.42604098,0.22123583
1947-08,-0.185458,-0.60459787,0.23368189
1947-09,-0.32461992,-0.65616024,0.006920407
1947-10,-0.30777922,-0.5954015,-0.020156968
1947-11,-0.19045666,-0.4147904,0.03387709
1947-12,-0.4125156,-0.6419157,-0.18311556
1948-01,-0.30770695,-0.51298004,-0.1024338
1948-02,-0.29508063,-0.48744372,-0.10271755
1948-03,-0.26973122,-0.4872111,-0.05225136
1948-04,-0.25145793,-0.51914597,0.016230134
1948-05,-0.083198294,-0.4296375,0.2632409
1948-06,-0.12941149,-0.47644484,0.21762188
1948-07,-0.2870427,-0.613781,0.039695583
1948-08,-0.21319522,-0.6217278,0.19533738
1948-09,-0.2766649,-0.59622896,0.042899117
1948-10,-0.22276694,-0.49059117,0.04505729
1948-11,-0.3763924,-0.6060764,-0.14670835
1948-12,-0.26987666,-0.48681957,-0.052933764
1949-01,-0.2050767,-0.39815336,-0.012000051
1949-02,-0.27748597,-0.45163837,-0.10333356
1949-03,-0.18828,-0.36899748,-0.0075625214
1949-04,-0.24845219,-0.4994302,0.0025258139
1949-05,-0.18331058,-0.51996046,0.15333931
1949-06,-0.2599669,-0.59144837,0.07151454
1949-07,-0.1566794,-0.4635839,0.15022506
1949-08,-0.17533465,-0.57858527,0.22791596
1949-09,-0.12120802,-0.4180006,0.17558458
1949-10,-0.2576485,-0.49919954,-0.016097436
1949-11,-0.31630328,-0.51095235,-0.121654265
1949-12,-0.2513606,-0.43719906,-0.06552214
1950-01,-0.24002625,-0.4228536,-0.05719892
1950-02,-0.36870396,-0.54511595,-0.19229196
1950-03,-0.34229898,-0.5301247,-0.15447326
1950-04,-0.25973073,-0.537103,0.017641535
1950-05,-0.20674245,-0.53415024,0.12066532
1950-06,-0.10077383,-0.4561019,0.2545542
1950-07,-0.0039192005,-0.30058798,0.29274958
1950-08,-0.13088636,-0.52527463,0.2635019
1950-09,-0.34057826,-0.635127,-0.04602949
1950-10,-0.2965041,-0.5421309,-0.05087728
1950-11,-0.42730555,-0.6102823,-0.24432875
1950-12,-0.43074152,-0.6295974,-0.2318856
1951-01,-0.36569306,-0.5345039,-0.19688226
1951-02,-0.44048426,-0.59083223,-0.29013628
1951-03,-0.30329603,-0.4617397,-0.14485237
1951-04,-0.26625004,-0.512441,-0.02005909
1951-05,-0.09724064,-0.44885823,0.25437695
1951-06,0.048298735,-0.28180924,0.3784067
1951-07,-0.05241774,-0.3530731,0.24823761
1951-08,-0.03523529,-0.4229919,0.35252133
1951-09,-0.09317927,-0.3814287,0.19507013
1951-10,-0.08060341,-0.31502256,0.15381573
1951-11,-0.21449259,-0.39261323,-0.036371943
1951-12,-0.21329172,-0.3914842,-0.03509924
1952-01,0.024579925,-0.14701997,0.19617982
1952-02,0.0061943196,-0.15574215,0.16813079
1952-03,-0.052557096,-0.2081362,0.10302201
1952-04,-0.05943813,-0.314797,0.19592074
1952-05,-0.13645084,-0.48048866,0.20758699
1952-06,-0.122646235,-0.4764861,0.2311936
1952-07,0.037288573,-0.27908573,0.35366288
1952-08,0.08768068,-0.31339818,0.48875955
1952-09,0.004930267,-0.29036772,0.30022827
1952-10,-0.06124801,-0.30252492,0.18002892
1952-11,-0.071212575,-0.25376543,0.11134027
1952-12,-0.12642018,-0.30770782,0.05486745
1953-01,-0.19086364,-0.36494204,-0.016785221
1953-02,-0.09847119,-0.24922836,0.052285988
1953-03,-0.12659605,-0.2898299,0.03663781
1953-04,-0.010654596,-0.2752366,0.25392744
1953-05,0.033516075,-0.29830196,0.3653341
1953-06,0.082810305,-0.26854393,0.43416455
1953-07,-0.1013831,-0.41149217,0.20872599
1953-08,-0.0030965365,-0.4029592,0.39676613
1953-09,0.022396773,-0.2738374,0.31863093
1953-10,-0.0559568,-0.29600576,0.18409216
1953-11,-0.07989921,-0.2664586,0.10666018
1953-12,-0.08761335,-0.26705065,0.09182395
1954-01,-0.20380343,-0.36609036,-0.041516505
1954-02,-0.14196964,-0.29516846,0.01122919
1954-03,-0.13679777,-0.2957119,0.02211636
1954-04,-0.21291044,-0.4462199,0.02039899
1954-05,-0.24473259,-0.5600646,0.07059944
1954-06,-0.23662402,-0.56285805,0.08961001
1954-07,-0.28685647,-0.58086795,0.0071550147
1954-08,-0.2203743,-0.5721363,0.13138768
1954-09,-0.2840246,-0.5606679,-0.007381317
1954-10,-0.16455619,-0.38239977,0.053287387
1954-11,-0.065135874,-0.23107773,0.10080599
1954-12,-0.23080704,-0.40015018,-0.061463874
1955-01,-0.17601289,-0.32592952,-0.026096258
1955-02,-0.18332519,-0.31309655,-0.05355384
1955-03,-0.25168186,-0.3959954,-0.107368305
1955-04,-0.25281695,-0.48913845,-0.016495446
1955-05,-0.33037877,-0.63939416,-0.02136338
1955-06,-0.28776148,-0.60586154,0.03033858
1955-07,-0.3068627,-0.59866345,-0.015061948
1955-08,-0.18229091,-0.54231745,0.17773561
1955-09,-0.2231504,-0.47072977,0.024428945
1955-10,-0.304593,-0.50845903,-0.10072696
1955-11,-0.30777794,-0.46547624,-0.15007964
1955-12,-0.42173707,-0.5674763,-0.27599785
1956-01,-0.39339298,-0.5197905,-0.26699552
1956-02,-0.27161074,-0.3980925,-0.14512897
1956-03,-0.38198763,-0.50989604,-0.2540792
1956-04,-0.33566794,-0.50400484,-0.16733104
1956-05,-0.31108215,-0.5141102,-0.108054124
1956-06,-0.20247035,-0.40352046,-0.0014202362
1956-07,-0.14666484,-0.3509048,0.057575107
1956-08,-0.28626654,-0.54411346,-0.028419599
1956-09,-0.18042246,-0.3824333,0.021588378
1956-10,-0.19731808,-0.3484792,-0.046156935
1956-11,-0.124173634,-0.24621399,-0.0021332805
1956-12,-0.135365,-0.25439858,-0.016331406
1957-01,-0.22554909,-0.33145437,-0.11964379
1957-02,-0.1683383,-0.27651164,-0.060164977
1957-03,-0.11729721,-0.2290412,-0.005553209
1957-04,0.024210792,-0.116261855,0.16468345
1957-05,0.14985144,0.007822712,0.2918802
1957-06,0.09007053,-0.0680515,0.24819255
1957-07,-0.16143373,-0.33371583,0.010848378
1957-08,0.022780316,-0.15069242,0.19625305
1957-09,0.012957198,-0.14275354,0.16866794
1957-10,-0.004483723,-0.132008,0.12304055
1957-11,-0.015321097,-0.13661984,0.10597763
1957-12,-0.02627153,-0.12646565,0.07392259
1958-01,-0.015755193,-0.12080578,0.08929539
1958-02,-0.0067742546,-0.118869364,0.105320856
1958-03,-0.06520194,-0.18327087,0.052867003
1958-04,-0.09812621,-0.2274911,0.031238677
1958-05,0.0122368,-0.13754018,0.16201378
1958-06,-0.31859475,-0.47382927,-0.16336022
1958-07,-0.03183154,-0.21958272,0.15591964
1958-08,-0.26792264,-0.44644395,-0.08940136
1958-09,-0.2343426,-0.39625058,-0.07243464
1958-10,-0.074688405,-0.23168421,0.082307406
1958-11,-0.034642484,-0.14791684,0.07863187
1958-12,-0.2798865,-0.39425552,-0.16551748
1959-01,-0.17843531,-0.2924676,-0.06440305
1959-02,-0.11000813,-0.21298912,-0.007027141
1959-03,-0.098108515,-0.21463455,0.018417526
1959-04,-0.054351903,-0.19456127,0.08585747
1959-05,-0.068271175,-0.22372782,0.08718547
1959-06,-0.07455647,-0.24585766,0.09674472
1959-07,-0.063180804,-0.24204546,0.11568385
1959-08,-0.11906792,-0.2793911,0.041255277
1959-09,-0.37142196,-0.52287483,-0.2199691
1959-10,-0.08581552,-0.22568132,0.054050297
1959-11,-0.30736196,-0.42411983,-0.19060412
1959-12,-0.1864442,-0.28280565,-0.09008273
1960-01,-0.25699773,-0.3549556,-0.15903986
1960-02,-0.2820675,-0.37828285,-0.18585216
1960-03,-0.37874565,-0.48145634,-0.27603495
1960-04,-0.2894861,-0.41368374,-0.1652885
1960-05,-0.3232087,-0.46211317,-0.18430421
1960-06,-0.3553852,-0.5186407,-0.1921297
1960-07,-0.2783746,-0.4515526,-0.105196595
1960-08,-0.071031846,-0.2309775,0.088913806
1960-09,-0.0739492,-0.21930604,0.07140763
1960-10,-0.048200365,-0.18713045,0.09072973
1960-11,-0.25999874,-0.36857966,-0.1514178
1960-12,-0.15834229,-0.25265107,-0.0640335
1961-01,-0.15868808,-0.24081714,-0.07655903
1961-02,0.021554984,-0.068208314,0.11131828
1961-03,-0.10007116,-0.19963273,-0.00050958083
1961-04,0.044712245,-0.07089162,0.16031611
1961-05,0.13463788,0.0031975382,0.2660782
1961-06,0.08290332,-0.0684261,0.23423274
1961-07,-0.08550734,-0.24477369,0.073759004
1961-08,-0.018672846,-0.15953316,0.122187465
1961-09,0.08566472,-0.06171467,0.2330441
1961-10,0.0024530897,-0.10616527,0.111071445
1961-11,-0.07493056,-0.16621606,0.016354928
1961-12,-0.33328176,-0.42285246,-0.24371108
1962-01,-0.2935535,-0.3804906,-0.2066164
1962-02,-0.19694793,-0.29261878,-0.10127709
1962-03,-0.1561122,-0.25113773,-0.061086662
1962-04,-0.1841145,-0.30441445,-0.06381455
1962-05,-0.3112347,-0.4546745,-0.16779491
1962-06,0.0685875,-0.084725,0.2219
1962-07,-0.2575519,-0.43713218,-0.077971615
1962-08,-0.19889665,-0.35802573,-0.039767567
1962-09,-0.06583964,-0.19888085,0.06720158
1962-10,-0.11568427,-0.25454238,0.023173826
1962-11,-0.105796225,-0.20863637,-0.002956087
1962-12,-0.29834932,-0.39564693,-0.2010517
1963-01,-0.3002956,-0.37975216,-0.22083902
1963-02,-0.28694344,-0.37465796,-0.19922888
1963-03,-0.31926584,-0.4214652,-0.21706648
1963-04,-0.30853167,-0.41908094,-0.19798242
1963-05,-0.17060493,-0.30597055,-0.035239324
1963-06,-0.03212466,-0.1905826,0.12633328
1963-07,0.042851634,-0.13104562,0.2167489
1963-08,0.15415032,-0.009835692,0.31813633
1963-09,0.14779872,0.0015446182,0.2940528
1963-10,-0.2089178,-0.3322832,-0.08555238
1963-11,-0.2604699,-0.36230758,-0.15863228
1963-12,-0.18547201,-0.27528724,-0.095656775
1964-01,-0.3041043,-0.37682608,-0.23138252
1964-02,-0.32729024,-0.40291813,-0.2516623
1964-03,-0.25524884,-0.3442384,-0.16625932
1964-04,-0.47739458,-0.5786558,-0.3761334
1964-05,-0.5318079,-0.652204,-0.41141182
1964-06,-0.19486687,-0.3187485,-0.070985235
1964-07,-0.22261569,-0.36192966,-0.083301745
1964-08,-0.34295177,-0.47109747,-0.21480608
1964-09,-0.48266503,-0.59903425,-0.36629578
1964-10,-0.28845716,-0.39825687,-0.17865743
1964-11,-0.31078532,-0.3958583,-0.22571233
1964-12,-0.47046477,-0.5433324,-0.39759713
1965-01,-0.23897716,-0.3183945,-0.15955983
1965-02,-0.092689104,-0.17678803,-0.008590172
1965-03,-0.32257918,-0.41253012,-0.23262823
1965-04,-0.2819291,-0.38446096,-0.17939728
1965-05,-0.16153489,-0.2838604,-0.039209384
1965-06,-0.14857455,-0.2905588,-0.0065903026
1965-07,-0.3021457,-0.45704192,-0.14724945
1965-08,-0.104330875,-0.23777556,0.02911381
1965-09,-0.25247177,-0.3844391,-0.120504454
1965-10,-0.19128782,-0.3015126,-0.08106305
1965-11,-0.30504486,-0.3958778,-0.21421191
1965-12,-0.16293432,-0.2440725,-0.081796125
1966-01,-0.296089,-0.373708,-0.21847
1966-02,-0.2422612,-0.32061237,-0.16391
1966-03,-0.16199842,-0.2515255,-0.07247133
1966-04,-0.06768781,-0.16640395,0.031028334
1966-05,-0.2840962,-0.38422173,-0.18397069
1966-06,-0.1976292,-0.34004351,-0.055214886
1966-07,-0.021939842,-0.18146223,0.13758254
1966-08,-0.32474697,-0.47550964,-0.17398432
1966-09,-0.23085429,-0.3620656,-0.09964295
1966-10,-0.33942425,-0.44623378,-0.23261474
1966-11,-0.16269538,-0.25106922,-0.07432153
1966-12,-0.17660022,-0.26044038,-0.09276007
1967-01,-0.16820467,-0.23742118,-0.098988146
1967-02,-0.21147682,-0.28913575,-0.13381785
1967-03,-0.22909547,-0.3094722,-0.14871876
1967-04,-0.27296886,-0.36394015,-0.18199754
1967-05,-0.05054064,-0.16083159,0.0597503
1967-06,-0.13514414,-0.26284975,-0.0074385386
1967-07,-0.11327206,-0.26259997,0.036055844
1967-08,-0.18946312,-0.3297722,-0.04915407
1967-09,-0.18324138,-0.31606138,-0.050421383
1967-10,-0.29471377,-0.41458863,-0.17483887
1967-11,-0.18815948,-0.27709657,-0.09922239
1967-12,-0.31507054,-0.38937682,-0.24076423
1968-01,-0.3039266,-0.3791819,-0.22867125
1968-02,-0.32017347,-0.39851648,-0.24183047
1968-03,-0.2620169,-0.34643543,-0.17759833
1968-04,-0.26410067,-0.35823315,-0.1699682
1968-05,-0.34820276,-0.45504653,-0.24135901
1968-06,-0.2122157,-0.34527335,-0.079158045
1968-07,-0.24647306,-0.3951216,-0.097824514
1968-08,-0.13705823,-0.2907979,0.01668145
1968-09,-0.36044276,-0.49662083,-0.2242647
1968-10,0.08579515,-0.03921206,0.21080236
1968-11,0.009292363,-0.08308779,0.101672515
1968-12,-0.01715952,-0.10067482,0.06635579
1969-01,0.086647585,0.017222233,0.15607293
1969-02,0.084134154,0.0016628597,0.16660546
1969-03,0.037594527,-0.048569456,0.12375851
1969-04,0.17956816,0.09174255,0.26739374
1969-05,0.1337451,0.030728247,0.23676197
1969-06,0.14281827,0.017195806,0.26844072
1969-07,-0.17129593,-0.29082817,-0.05176368
1969-08,-0.10572993,-0.24281739,0.031357527
1969-09,0.0014763075,-0.10748783,0.11044045
1969-10,0.043775007,-0.0651164,0.1526664
1969-11,-0.026498627,-0.11009138,0.057094127
1969-12,0.044552438,-0.02955416,0.118659034
1970-01,0.070826516,0.008021634,0.1336314
1970-02,0.001219014,-0.077780046,0.08021808
1970-03,0.0042565973,-0.07320046,0.081713654
1970-04,-0.032225672,-0.11605056,0.05159921
1970-05,-0.13341965,-0.23954879,-0.027290497
1970-06,-0.18112434,-0.3099957,-0.05225298
1970-07,-0.107896835,-0.25582755,0.040033873
1970-08,-0.28082222,-0.4308146,-0.13082984
1970-09,0.047094,-0.08373378,0.17792177
1970-10,0.11916176,-0.0058207596,0.24414429
1970-11,-0.0455606,-0.13699567,0.04587448
1970-12,-0.033048686,-0.1044665,0.038369134
1971-01,-0.090668805,-0.15422182,-0.027115801
1971-02,-0.20102666,-0.27660874,-0.1254446
1971-03,-0.30001414,-0.3767661,-0.22326216
1971-04,-0.1871189,-0.27487534,-0.09936247
1971-05,-0.17172226,-0.29767334,-0.045771193
1971-06,-0.31192026,-0.43745556,-0.18638495
1971-07,-0.16810058,-0.30227387,-0.033927303
1971-08,-0.112298585,-0.26356283,0.038965657
1971-09,-0.070689425,-0.20880267,0.06742383
1971-10,-0.101410955,-0.19549994,-0.007321969
1971-11,-0.23136467,-0.31332314,-0.1494062
1971-12,-0.24744634,-0.31464696,-0.18024574
1972-01,-0.07007276,-0.13702807,-0.0031174568
1972-02,0.0022576351,-0.065523505,0.07003878
1972-03,-0.08405437,-0.15825304,-0.0098557025
1972-04,-0.06414632,-0.1528994,0.024606762
1972-05,0.06635438,-0.058926582,0.19163534
1972-06,0.082172535,-0.047062147,0.21140721
1972-07,-0.054881454,-0.20504165,0.09527875
1972-08,0.22252837,0.06852575,0.376531
1972-09,0.15513133,0.025419509,0.28484315
1972-10,-0.037054926,-0.13817294,0.06406309
1972-11,0.16492032,0.080842964,0.24899766
1972-12,0.36445355,0.29293767,0.4359694
1973-01,0.17701674,0.10686567,0.24716781
1973-02,0.06484464,0.00011721514,0.12957206
1973-03,0.101470634,0.024834013,0.17810726
1973-04,0.25697997,0.16992839,0.34403157
1973-05,0.17370275,0.05338326,0.29402223
1973-06,0.11283275,-0.0025233787,0.22818887
1973-07,0.071462475,-0.05312589,0.19605084
1973-08,-0.035653334,-0.17878678,0.107480116
1973-09,0.051747404,-0.09451757,0.19801238
1973-10,0.12061108,0.010640475,0.23058167
1973-11,0.035060238,-0.045787554,0.11590803
1973-12,-0.19048771,-0.25910127,-0.12187413
1974-01,-0.16937833,-0.2329856,-0.10577105
1974-02,-0.3991726,-0.4670815,-0.33126372
1974-03,-0.31536785,-0.3893655,-0.2413702
1974-04,-0.23460802,-0.31660554,-0.15261053
1974-05,-0.010169133,-0.12272565,0.10238738
1974-06,-0.006727316,-0.1363465,0.12289188
1974-07,-0.117547385,-0.25515708,0.020062294
1974-08,0.16366735,0.013044088,0.3142906
1974-09,-0.027947972,-0.1704424,0.11454646
1974-10,0.027558139,-0.08589882,0.1410151
1974-11,0.027118182,-0.06227192,0.11650828
1974-12,-0.08246279,-0.15016218,-0.014763401
1975-01,-0.15428147,-0.22570021,-0.08286273
1975-02,-0.089206934,-0.16031016,-0.018103708
1975-03,-0.015927957,-0.09455467,0.06269875
1975-04,-0.12181446,-0.20498537,-0.03864356
1975-05,0.15466245,0.037503153,0.27182174
1975-06,-0.036499377,-0.17560345,0.1026047
1975-07,-0.08221897,-0.24184245,0.07740452
1975-08,-0.31297624,-0.46065322,-0.16529927
1975-09,-0.13978897,-0.27594632,-0.003631632
1975-10,-0.08654401,-0.21717449,0.044086467
1975-11,-0.17765029,-0.2636287,-0.09167188
1975-12,-0.2652684,-0.3391103,-0.19142649
1976-01,-0.30607787,-0.38330135,-0.22885439
1976-02,-0.2000821,-0.27180356,-0.12836063
1976-03,-0.22553177,-0.30696756,-0.14409599
1976-04,-0.3265081,-0.4276349,-0.22538131
1976-05,-0.4082351,-0.5243846,-0.29208553
1976-06,-0.24713203,-0.38100317,-0.1132609
1976-07,-0.07597106,-0.23094456,0.07900244
1976-08,-0.27189684,-0.4260703,-0.11772336
1976-09,-0.20850556,-0.35204893,-0.06496218
1976-10,-0.1954861,-0.31591466,-0.07505754
1976-11,0.055199787,-0.039883662,0.15028323
1976-12,0.25249252,0.16188073,0.3431043
1977-01,0.42073125,0.34923044,0.49223208
1977-02,0.22648355,0.14577785,0.30718926
1977-03,0.100423664,0.015529094,0.18531823
1977-04,0.10144489,0.007447655,0.19544213
1977-05,0.25130382,0.13257904,0.37002861
1977-06,0.19462882,0.06757129,0.32168636
1977-07,0.22106053,0.06447805,0.37764302
1977-08,0.22277914,0.06985595,0.37570232
1977-09,-0.14565168,-0.28955173,-0.0017516387
1977-10,0.00018327334,-0.12506768,0.12543422
1977-11,0.009758509,-0.08279061,0.10230763
1977-12,-0.07666657,-0.16169007,0.008356936
1978-01,-0.04563285,-0.11592097,0.024655271
1978-02,0.07076557,-0.004200761,0.14573191
1978-03,0.027386276,-0.048600774,0.10337333
1978-04,0.068406634,-0.02287552,0.15968879
1978-05,0.11683514,-0.0029332484,0.23660353
1978-06,0.06206031,-0.07091714,0.19503777
1978-07,0.13704143,-0.007391135,0.281474
1978-08,-0.262953,-0.41447175,-0.111434266
1978-09,0.097518295,-0.05149839,0.24653497
1978-10,-0.07343123,-0.20052442,0.05366196
1978-11,0.03245559,-0.056544844,0.12145602
1978-12,0.03844974,-0.02985814,0.10675762
1979-01,0.11164638,0.05581698,0.16747577
1979-02,0.06930123,0.016831256,0.1217712
1979-03,0.14049843,0.08317023,0.19782662
1979-04,0.35013705,0.28617555,0.41409856
1979-05,-0.010300415,-0.08681279,0.06621196
1979-06,0.06536215,-0.018102473,0.14882678
1979-07,-0.034121614,-0.12794034,0.05969711
1979-08,0.1997795,0.083504684,0.3160543
1979-09,0.18614788,0.07145866,0.3008371
1979-10,0.1281324,0.040974587,0.2152902
1979-11,0.27330068,0.20155132,0.34505
1979-12,0.32773897,0.2738845,0.3815934
1980-01,0.3135279,0.25810272,0.3689531
1980-02,0.34358397,0.2858985,0.4012694
1980-03,0.458235,0.39137474,0.5250953
1980-04,0.34353265,0.27524993,0.4118154
1980-05,0.29403335,0.21216977,0.37589693
1980-06,0.10759892,0.013705408,0.20149243
1980-07,0.2804403,0.18464386,0.37623677
1980-08,0.21430679,0.10470163,0.32391194
1980-09,0.18881531,0.07239906,0.30523154
1980-10,0.043247297,-0.050376546,0.13687114
1980-11,0.27042177,0.1862306,0.35461295
1980-12,0.17630208,0.10964634,0.24295782
1981-01,0.13907006,0.0677506,0.21038954
1981-02,0.115143746,0.058294777,0.1719927
1981-03,0.15333807,0.09879199,0.20788416
1981-04,0.062248293,-0.009022705,0.13351929
1981-05,0.13585532,0.05245119,0.21925944
1981-06,0.22824834,0.12884505,0.32765162
1981-07,0.41752648,0.29671586,0.5383371
1981-08,0.45230854,0.3343114,0.57030565
1981-09,0.1435253,0.03438856,0.25266203
1981-10,-0.10652269,-0.19745567,-0.015589702
1981-11,0.0051374543,-0.071481735,0.081756644
1981-12,0.17485164,0.104583904,0.24511936
1982-01,0.09853685,0.017866401,0.1792073
1982-02,0.018444551,-0.056276985,0.09316608
1982-03,-0.15588737,-0.23439258,-0.07738215
1982-04,-0.0278827,-0.11372561,0.05796021
1982-05,0.18193865,0.07533075,0.28854653
1982-06,0.004944517,-0.11261234,0.12250137
1982-07,0.13246351,-0.0017757994,0.26670283
1982-08,-0.0053442153,-0.14434393,0.1336555
1982-09,-0.00041575576,-0.12605657,0.12522507
1982-10,0.08765919,-0.020260245,0.19557862
1982-11,0.26072052,0.17578278,0.34565827
1982-12,0.34579906,0.27131438,0.42028376
1983-01,0.35205784,0.28483224,0.41928342
1983-02,0.43298888,0.36293232,0.50304544
1983-03,0.27186668,0.2011653,0.34256804
1983-04,0.35283744,0.26933488,0.43634
1983-05,0.4548296,0.35323614,0.55642307
1983-06,0.23137002,0.12120557,0.34153447
1983-07,0.031873733,-0.08010148,0.14384896
1983-08,0.30678204,0.17608663,0.4374774
1983-09,0.3929941,0.28337047,0.5026177
1983-10,0.13250144,0.03177647,0.2332264
1983-11,0.035786327,-0.049636766,0.12120942
1983-12,0.06898433,-0.003589076,0.14155774
1984-01,0.11830491,0.04499914,0.19161068
1984-02,0.14719644,0.072578214,0.22181468
1984-03,0.21479663,0.13195738,0.29763588
1984-04,0.113839634,0.031743664,0.1959356
1984-05,0.24540102,0.15028928,0.34051278
1984-06,-0.09909764,-0.21458244,0.01638717
1984-07,0.011135336,-0.10498198,0.12725265
1984-08,0.15727656,0.03730261,0.2772505
1984-09,0.27048782,0.16142748,0.37954816
1984-10,0.07331375,-0.0215742,0.1682017
1984-11,0.07883281,0.0001307184,0.15753491
1984-12,0.17581774,0.10671713,0.24491835
1985-01,0.17494512,0.10196809,0.24792215
1985-02,0.114890486,0.044378772,0.1854022
1985-03,0.23558277,0.15772039,0.31344515
1985-04,0.16341738,0.08639491,0.24043985
1985-05,0.13296106,0.049438953,0.21648318
1985-06,0.20556453,0.11404451,0.29708457
1985-07,0.10275838,0.011234809,0.19428194
1985-08,0.31485447,0.20353429,0.42617467
1985-09,0.23136891,0.12951949,0.33321837
1985-10,0.105545886,0.01713327,0.1939585
1985-11,0.019295415,-0.0598032,0.09839403
1985-12,0.016651453,-0.051971875,0.085274786
1986-01,0.029512985,-0.036901247,0.095927216
1986-02,0.3263193,0.25679702,0.3958416
1986-03,0.22007667,0.1551899,0.28496343
1986-04,0.15368216,0.0839637,0.22340062
1986-05,0.14610294,0.06663493,0.22557093
1986-06,0.0016873742,-0.08674531,0.090120055
1986-07,0.12452411,0.024520375,0.22452785
1986-08,0.15798032,0.055294123,0.26066652
1986-09,0.06036349,-0.04273941,0.1634664
1986-10,0.10075073,0.019592557,0.1819089
1986-11,0.13735794,0.07004416,0.2046717
1986-12,0.09391945,0.028836055,0.15900284
1987-01,0.29405513,0.22920659,0.35890368
1987-02,0.26254192,0.19894437,0.32613945
1987-03,0.29542997,0.22793278,0.36292714
1987-04,0.36647478,0.29047352,0.44247606
1987-05,0.14909695,0.06490153,0.23329237
1987-06,0.367475,0.27669355,0.45825648
1987-07,0.4336526,0.3442944,0.52301085
1987-08,0.1258922,0.021142486,0.23064192
1987-09,0.20159492,0.113556914,0.28963292
1987-10,0.33889574,0.26092702,0.41686445
1987-11,0.34451404,0.2736373,0.41539076
1987-12,0.30443108,0.24096644,0.36789572
1988-01,0.43289232,0.36766207,0.49812257
1988-02,0.29660013,0.22536515,0.36783513
1988-03,0.42804888,0.35948628,0.49661148
1988-04,0.25091556,0.17597249,0.32585862
1988-05,0.30056724,0.20477535,0.39635912
1988-06,0.28965774,0.189776,0.3895395
1988-07,0.1341851,0.032845665,0.23552455
1988-08,0.27071178,0.15134451,0.39007902
1988-09,0.2641884,0.15343362,0.37494323
1988-10,0.30244264,0.20682907,0.39805618
1988-11,0.020387148,-0.06384063,0.10461493
1988-12,-0.0068898685,-0.08034086,0.066561125
1989-01,0.026996318,-0.041615143,0.09560778
1989-02,0.1002083,0.035122298,0.16529429
1989-03,0.11798234,0.047836177,0.1881285
1989-04,0.038904876,-0.04081299,0.11862274
1989-05,-0.09479182,-0.1915618,0.0019781627
1989-06,-0.03273809,-0.13437246,0.06889628
1989-07,0.22695543,0.11663555,0.33727533
1989-08,0.24823946,0.121474214,0.3750047
1989-09,0.34750658,0.22943021,0.46558297
1989-10,0.2736105,0.16943705,0.37778395
1989-11,0.17290321,0.08178502,0.2640214
1989-12,0.2678232,0.18871704,0.34692934
1990-01,0.2550406,0.17783199,0.33224913
1990-02,0.22768694,0.15634142,0.29903245
1990-03,0.26314783,0.18457209,0.34172356
1990-04,0.31575927,0.23376478,0.39775378
1990-05,0.31580186,0.2274484,0.40415534
1990-06,0.15918384,0.061981484,0.25638622
1990-07,0.43045568,0.31800368,0.5429077
1990-08,0.1685958,0.041130695,0.29606092
1990-09,0.023026122,-0.08855362,0.13460587
1990-10,0.32257718,0.22022179,0.42493254
1990-11,0.31530923,0.22487736,0.40574107
1990-12,0.28954968,0.21240735,0.36669198
1991-01,0.14245921,0.07116937,0.21374907
1991-02,0.30918023,0.23374927,0.3846112
1991-03,0.19414254,0.11705014,0.27123493
1991-04,0.33547518,0.24969757,0.42125276
1991-05,0.2631437,0.17684864,0.3494388
1991-06,0.41304085,0.3197242,0.5063575
1991-07,0.47643438,0.37819156,0.5746772
1991-08,0.37262845,0.25956413,0.4856928
1991-09,0.35177904,0.24544834,0.45810977
1991-10,0.18247975,0.09151912,0.2734404
1991-11,0.1860903,0.104311734,0.26786888
1991-12,0.28437144,0.21603067,0.35271218
1992-01,0.24287365,0.18019722,0.30555007
1992-02,0.28759065,0.21904378,0.3561375
1992-03,0.25684682,0.19132057,0.3223731
1992-04,0.25260362,0.17407049,0.33113676
1992-05,0.23848873,0.14554788,0.33142957
1992-06,0.2850089,0.17130537,0.39871243
1992-07,0.05623945,-0.06160886,0.17408775
1992-08,0.13467364,-0.014061211,0.2834085
1992-09,-0.015713805,-0.15163934,0.12021173
1992-10,0.06327548,-0.03417773,0.16072868
1992-11,0.015934097,-0.06691719,0.09878538
1992-12,0.01679244,-0.050449222,0.0840341
1993-01,0.18652782,0.11497245,0.2580832
1993-02,0.069585785,-0.004890534,0.14406212
1993-03,0.2086529,0.13012177,0.28718403
1993-04,0.16731818,0.07998727,0.25464907
1993-05,0.14110713,0.02786377,0.25435048
1993-06,0.07431161,-0.045975987,0.19459921
1993-07,0.13535248,0.0108632315,0.25984174
1993-08,0.10715592,-0.027095258,0.2414071
1993-09,0.07235625,-0.066429175,0.21114168
1993-10,0.12745082,0.017331092,0.23757055
1993-11,0.2672542,0.17296962,0.36153877
1993-12,0.11056095,0.032300465,0.18882143
1994-01,0.12866034,0.05123456,0.20608613
1994-02,0.05734949,-0.027078545,0.14177752
1994-03,0.13831566,0.064341314,0.21229002
1994-04,0.10513878,0.008875629,0.20140192
1994-05,0.098779164,-0.0037162572,0.20127459
1994-06,0.2579629,0.14859983,0.367326
1994-07,0.087433904,-0.030591078,0.20545888
1994-08,0.003020897,-0.11972091,0.1257627
1994-09,0.21122772,0.10646879,0.31598663
1994-10,0.15391263,0.0707331,0.23709217
1994-11,0.26644194,0.19374335,0.3391405
1994-12,0.21824282,0.14911112,0.2873745
1995-01,0.14356016,0.07076298,0.21635732
1995-02,0.21982262,0.1509801,0.28866515
1995-03,0.23506711,0.16186227,0.30827197
1995-04,0.13336602,0.05238714,0.21434492
1995-05,0.1001898,0.010817539,0.18956207
1995-06,0.19159207,0.094247706,0.28893644
1995-07,0.47306073,0.36260107,0.5835204
1995-08,0.21945792,0.09879342,0.34012243
1995-09,0.08881392,-0.021787612,0.19941546
1995-10,0.16989277,0.08877596,0.25100955
1995-11,0.17241858,0.09425693,0.25058022
1995-12,0.07391335,0.0068174493,0.14100924
1996-01,0.13676114,0.075967565,0.19755474
1996-02,0.34051245,0.2805842,0.4004407
1996-03,0.27807894,0.206911,0.3492469
1996-04,0.29225945,0.20904578,0.37547314
1996-05,0.124923095,0.032063797,0.2177824
1996-06,0.17315881,0.07232243,0.2739952
1996-07,0.34421223,0.24217379,0.44625068
1996-08,0.50465935,0.37648463,0.6328341
1996-09,0.293611,0.1711741,0.41604787
1996-10,0.15142466,0.05444318,0.24840614
1996-11,0.24101,0.15999408,0.32202592
1996-12,0.2589488,0.1889175,0.3289801
1997-01,0.12922388,0.05996839,0.19847938
1997-02,0.10855302,0.041146122,0.17595993
1997-03,0.18337098,0.116220064,0.2505219
1997-04,0.21903041,0.14397985,0.29408097
1997-05,0.18008143,0.08994373,0.27021915
1997-06,0.42072907,0.32304412,0.518414
1997-07,0.18856469,0.07892764,0.29820174
1997-08,0.2977209,0.18347315,0.41196865
1997-09,0.38351637,0.28163734,0.48539543
1997-10,0.42994604,0.35114777,0.5087443
1997-11,0.60173875,0.53301686,0.6704606
1997-12,0.5762825,0.5099621,0.6426029
1998-01,0.5235998,0.4554621,0.5917375
1998-02,0.65642023,0.585978,0.7268625
1998-03,0.5415715,0.4717749,0.61136806
1998-04,0.39426225,0.31130454,0.47721994
1998-05,0.6024873,0.51620644,0.68876815
1998-06,0.5816987,0.48026434,0.6831331
1998-07,0.5268278,0.4164535,0.6372021
1998-08,0.49540952,0.37047747,0.6203416
1998-09,0.22318675,0.116954274,0.32941923
1998-10,0.25701633,0.16151199,0.35252067
1998-11,0.26219645,0.18058552,0.34380737
1998-12,0.22003022,0.15448697,0.28557345
1999-01,0.23738857,0.17002936,0.3047478
1999-02,0.24791169,0.17715858,0.3186648
1999-03,0.31143922,0.23593271,0.38694572
1999-04,0.025568,-0.05035515,0.101491146
1999-05,0.12243988,0.039659522,0.20522025
1999-06,0.31511125,0.2111242,0.41909832
1999-07,0.23708132,0.12867978,0.34548286
1999-08,0.23469296,0.112334706,0.35705122
1999-09,0.119619876,0.0070274733,0.23221228
1999-10,0.16786091,0.07714454,0.2585773
1999-11,0.08411716,0.0018170716,0.16641724
1999-12,-0.03194928,-0.100597635,0.036699068
2000-01,0.027726192,-0.03603279,0.09148517
2000-02,0.17563373,0.110782005,0.24048546
2000-03,0.16004233,0.095559075,0.2245256
2000-04,0.21889661,0.14127812,0.2965151
2000-05,0.08491253,-0.0049456707,0.17477073
2000-06,0.27229023,0.17706485,0.3675156
2000-07,0.20974424,0.09841213,0.32107636
2000-08,0.23745467,0.11806947,0.35683987
2000-09,0.21995763,0.09359677,0.34631848
2000-10,0.06359862,-0.037779823,0.16497706
2000-11,0.2724022,0.19245128,0.35235313
2000-12,0.15846278,0.09036845,0.22655712
2001-01,0.20400241,0.13746811,0.27053672
2001-02,0.35051188,0.29058838,0.41043535
2001-03,0.36698434,0.2958906,0.4380781
2001-04,0.3204763,0.24679899,0.39415362
2001-05,0.36219257,0.2625335,0.46185166
2001-06,0.37643477,0.28060564,0.4722639
2001-07,0.40861917,0.29586735,0.521371
2001-08,0.3474754,0.22567035,0.46928048
2001-09,0.40946412,0.2903759,0.52855235
2001-10,0.31952906,0.22193545,0.41712266
2001-11,0.40082267,0.31258264,0.48906273
2001-12,0.33729997,0.26629573,0.4083042
2002-01,0.43391398,0.3681772,0.49965075
2002-02,0.35036334,0.2826539,0.41807282
2002-03,0.6059578,0.5437168,0.6681988
2002-04,0.6196531,0.55245835,0.68684787
2002-05,0.5289772,0.43082896,0.6271255
2002-06,0.25133902,0.16144252,0.34123552
2002-07,0.49597108,0.3891979,0.6027443
2002-08,0.42535755,0.29849315,0.55222195
2002-09,0.37541345,0.2717215,0.47910538
2002-10,0.42604402,0.34670332,0.50538474
2002-11,0.26619864,0.2009362,0.33146107
2002-12,0.23943585,0.18073861,0.2981331
2003-01,0.42706734,0.36226037,0.49187434
2003-02,0.48125684,0.42120793,0.5413058
2003-03,0.3976794,0.32714105,0.4682177
2003-04,0.35109824,0.27618784,0.42600867
2003-05,0.334628,0.25694603,0.4123099
2003-06,0.3190945,0.23560286,0.4025862
2003-07,0.3072298,0.2099119,0.40454763
2003-08,0.41989988,0.3031258,0.5366739
2003-09,0.3601519,0.24135286,0.47895095
2003-10,0.33287242,0.23681428,0.42893055
2003-11,0.30848452,0.23629215,0.38067687
2003-12,0.37496182,0.31242076,0.43750292
2004-01,0.35248935,0.2866898,0.41828895
2004-02,0.43432218,0.37015337,0.49849102
2004-03,0.32093263,0.25664476,0.3852205
2004-04,0.3298736,0.2585528,0.4011944
2004-05,0.21222189,0.12142236,0.30302143
2004-06,0.16727556,0.07032574,0.2642254
2004-07,-0.015275755,-0.11771535,0.08716384
2004-08,0.33991972,0.21073936,0.4691001
2004-09,0.31655693,0.2017839,0.43133
2004-10,0.3734095,0.28287873,0.46394026
2004-11,0.3660082,0.29089105,0.4411253
2004-12,0.4172854,0.35500178,0.47956905
2005-01,0.44123012,0.3844251,0.49803513
2005-02,0.3953416,0.33858174,0.45210147
2005-03,0.47786495,0.4151972,0.5405327
2005-04,0.37197942,0.30837277,0.43558604
2005-05,0.3133676,0.23644216,0.39029306
2005-06,0.35685104,0.26883575,0.44486633
2005-07,0.33715436,0.2387911,0.43551764
2005-08,0.44253367,0.33588415,0.54918313
2005-09,0.38805997,0.28585824,0.49026173
2005-10,0.43581423,0.3477117,0.5239167
2005-11,0.24953729,0.18160477,0.3174698
2005-12,0.37817326,0.32222873,0.4341178
2006-01,0.39716345,0.34415066,0.45017624
2006-02,0.3939385,0.33424813,0.4536289
2006-03,0.3645367,0.3072075,0.4218659
2006-04,0.3576459,0.29717487,0.41811693
2006-05,0.19744554,0.12043729,0.2744538
2006-06,0.36575782,0.27705634,0.4544593
2006-07,0.31841314,0.22591048,0.41091576
2006-08,0.52693987,0.41910008,0.6347797
2006-09,0.2925893,0.19092757,0.39425102
2006-10,0.27368718,0.19108993,0.35628444
2006-11,0.39519635,0.32870287,0.46168983
2006-12,0.32082036,0.2602931,0.3813476
2007-01,0.47249478,0.42094904,0.5240405
2007-02,0.38670433,0.3318836,0.44152504
2007-03,0.3755859,0.31311,0.43806183
2007-04,0.35145366,0.29120627,0.41170108
2007-05,0.4584241,0.38273743,0.5341107
2007-06,0.35527453,0.27759585,0.4329532
2007-07,0.43252438,0.3466373,0.51841146
2007-08,0.40908653,0.3083857,0.5097874
2007-09,0.33403394,0.23002124,0.43804663
2007-10,0.30695793,0.2215993,0.39231658
2007-11,0.2554993,0.19535206,0.31564656
2007-12,0.07756283,0.021012153,0.1341135
2008-01,0.13214332,0.07430914,0.1899775
2008-02,0.068827465,0.011325652,0.12632927
2008-03,0.24884936,0.18897988,0.30871886
2008-04,0.2541732,0.18585558,0.3224908
2008-05,0.22707583,0.15464891,0.29950276
2008-06,0.14488634,0.049707837,0.24006486
2008-07,0.43240008,0.3305914,0.5342088
2008-08,0.26742625,0.1439199,0.3909326
2008-09,0.4663586,0.35316655,0.5795507
2008-10,0.29124668,0.21295887,0.36953446
2008-11,0.3037774,0.23410092,0.3734539
2008-12,0.2779812,0.21749082,0.3384716
2009-01,0.34050846,0.28437173,0.39664516
2009-02,0.29776567,0.24682526,0.34870607
2009-03,0.40170625,0.34644538,0.45696715
2009-04,0.3780094,0.3112077,0.4448111
2009-05,0.52622044,0.4529485,0.5994924
2009-06,0.58053803,0.4893416,0.6717345
2009-07,0.66068625,0.5645593,0.7568132
2009-08,0.52286625,0.41610646,0.62962604
2009-09,0.50491995,0.4133071,0.5965329
2009-10,0.42575034,0.34549457,0.5060061
2009-11,0.61712694,0.5503365,0.6839174
2009-12,0.58578575,0.526154,0.6454175
2010-01,0.59696525,0.5407553,0.65317523
2010-02,0.6397168,0.58009076,0.69934285
2010-03,0.672413,0.6184536,0.7263723
2010-04,0.48299664,0.4154133,0.55058
2010-05,0.49030945,0.41524968,0.56536925
2010-06,0.41841078,0.3344138,0.5024078
2010-07,0.32871988,0.23433673,0.42310303
2010-08,0.34796068,0.23576157,0.4601598
2010-09,0.4273872,0.33281812,0.5219563
2010-10,0.38160473,0.30634952,0.45685995
2010-11,0.2575946,0.18918355,0.3260056
2010-12,0.2508389,0.19731757,0.30436024
2011-01,0.31660256,0.25642702,0.3767781
2011-02,0.34890097,0.29126155,0.4065404
2011-03,0.30195874,0.23956075,0.36435673
2011-04,0.3739579,0.31186703,0.43604878
2011-05,0.23471391,0.16395615,0.3054717
2011-06,0.335269,0.25407812,0.41645986
2011-07,0.54434454,0.44470358,0.6439855
2011-08,0.55172604,0.45056534,0.6528868
2011-09,0.3485463,0.25598243,0.44111013
2011-10,0.26626584,0.18623154,0.34630015
2011-11,0.3878136,0.32012978,0.4554974
2011-12,0.19049327,0.12849975,0.2524868
2012-01,0.14426261,0.083604634,0.20492058
2012-02,0.33081782,0.26777714,0.39385852
2012-03,0.31891307,0.25569355,0.3821326
2012-04,0.22318058,0.15337585,0.2929853
2012-05,0.37692454,0.29053852,0.46331057
2012-06,0.3189041,0.22890317,0.40890503
2012-07,0.272699,0.17334552,0.37205246
2012-08,0.4822123,0.35129255,0.61313206
2012-09,0.42204857,0.3086037,0.53549343
2012-10,0.5808298,0.4908383,0.6708213
2012-11,0.5112803,0.43669578,0.5858648
2012-12,0.46851736,0.4022144,0.5348203
2013-01,0.49018833,0.43229613,0.54808056
2013-02,0.3936461,0.33236295,0.45492926
2013-03,0.40022257,0.3388721,0.46157303
2013-04,0.4277079,0.34778026,0.5076356
2013-05,0.34211752,0.24860516,0.43562987
2013-06,0.56130666,0.46440905,0.65820426
2013-07,0.48383796,0.38230705,0.5853689
2013-08,0.5037141,0.38536185,0.6220663
2013-09,0.6921532,0.58903605,0.7952704
2013-10,0.45772016,0.36426687,0.55117345
2013-11,0.47981232,0.40320554,0.55641913
2013-12,0.41329178,0.34341958,0.48316398
2014-01,0.46999514,0.40168637,0.5383039
2014-02,0.33040047,0.26385385,0.3969471
2014-03,0.33194435,0.26244348,0.4014452
2014-04,0.4443227,0.3646231,0.5240223
2014-05,0.5947457,0.51201093,0.67748046
2014-06,0.3983333,0.30063212,0.4960345
2014-07,0.3398283,0.2378558,0.4418008
2014-08,0.46970174,0.35860938,0.5807941
2014-09,0.6024867,0.5092093,0.69576424
2014-10,0.497844,0.41453582,0.5811522
2014-11,0.431702,0.3658503,0.49755365
2014-12,0.34408724,0.28604397,0.40213054
2015-01,0.41433173,0.356356,0.47230747
2015-02,0.49997598,0.4445176,0.5554344
2015-03,0.4794757,0.41439357,0.54455787
2015-04,0.40727282,0.3335241,0.48102152
2015-05,0.44632962,0.37207142,0.5205878
2015-06,0.44619417,0.3577527,0.53463566
2015-07,0.47039938,0.37914371,0.56165504
2015-08,0.53185314,0.41747013,0.6462362
2015-09,0.43850815,0.34257522,0.53444105
2015-10,0.75878775,0.6785257,0.8390498
2015-11,0.66043454,0.598892,0.7219772
2015-12,0.6790952,0.6207919,0.73739856
2016-01,0.68197334,0.6270634,0.7368833
2016-02,0.7039676,0.6482376,0.7596975
2016-03,0.7271426,0.66779774,0.7864874
2016-04,0.65323365,0.5868166,0.7196507
2016-05,0.6448125,0.5704002,0.7192249
2016-06,0.40297103,0.31771386,0.4882282
2016-07,0.49656332,0.4018296,0.59129703
2016-08,0.7602179,0.6567383,0.8636975
2016-09,0.47641346,0.37918153,0.5736454
2016-10,0.61613065,0.5346611,0.69760025
2016-11,0.6369499,0.57521564,0.69868416
2016-12,0.5275589,0.47063774,0.58448017
2017-01,0.60674936,0.55226976,0.6612289
2017-02,0.7355467,0.682225,0.7888685
2017-03,0.71460205,0.66026855,0.76893556
2017-04,0.51775867,0.45332044,0.58219683
2017-05,0.67964554,0.6055494,0.7537417
2017-06,0.41786787,0.33451986,0.5012159
2017-07,0.63985586,0.5427035,0.7370083
2017-08,0.57081264,0.45759016,0.6840351
2017-09,0.4868847,0.3941684,0.57960105
2017-10,0.6329404,0.55529106,0.7105897
2017-11,0.50390655,0.43867606,0.56913704
2017-12,0.3928493,0.3327951,0.45290348
2018-01,0.42931488,0.37725627,0.48137346
2018-02,0.44768322,0.3942615,0.5011049
2018-03,0.54988194,0.49503234,0.60473156
2018-04,0.6864161,0.6135196,0.7593126
2018-05,0.56121796,0.48749793,0.634938
2018-06,0.5978706,0.513934,0.6818071
2018-07,0.60807556,0.5075686,0.7085826
2018-08,0.61024183,0.49317232,0.7273113
2018-09,0.47260123,0.3764781,0.56872433
2018-10,0.60050905,0.5196397,0.6813784
2018-11,0.59600407,0.5293358,0.6626723
2018-12,0.6279401,0.5692468,0.68663347
2019-01,0.61659366,0.55806035,0.675127
2019-02,0.692243,0.63079983,0.75368613
2019-03,0.75558305,0.69316244,0.81800365
2019-04,0.69717056,0.62584645,0.7684947
2019-05,0.57987577,0.5088628,0.65088874
2019-06,0.4968427,0.4032851,0.5904003
2019-07,0.66329026,0.56234676,0.7642337
2019-08,0.56779486,0.4583998,0.6771899
2019-09,0.4065578,0.30117488,0.5119407
2019-10,0.6421518,0.5548928,0.72941077
2019-11,0.76605374,0.6953093,0.8367982
2019-12,0.7766641,0.71379066,0.83953756
2020-01,0.705139,0.65206534,0.75821257
2020-02,0.63083994,0.57397324,0.68770665
2020-03,0.6555791,0.58945596,0.72170216
2020-04,0.7868922,0.7103154,0.86346895
2020-05,0.60019183,0.5212707,0.679113
2020-06,0.5404647,0.42927015,0.65165925
2020-07,0.53880394,0.42849785,0.64910996
2020-08,0.4983012,0.39281574,0.60378665
2020-09,0.5678391,0.4610154,0.67466277
2020-10,0.45383838,0.3745769,0.53309983
2020-11,0.5776864,0.5074187,0.6479542
2020-12,0.2836025,0.2150602,0.3521448
2021-01,0.27454427,0.21282338,0.33626515
2021-02,0.26452237,0.20481457,0.3242302
2021-03,0.42905292,0.36192802,0.49617782
2021-04,0.36974105,0.29867533,0.44080675
2021-05,0.37225762,0.2913552,0.45316008
2021-06,0.31502372,0.22226445,0.40778297
2021-07,0.50782144,0.39486653,0.62077636
2021-08,0.58173394,0.47237054,0.6910974
2021-09,0.6675196,0.5702107,0.76482856
2021-10,0.6007252,0.5162335,0.68521684
2021-11,0.49512872,0.4148438,0.57541364
2021-12,0.4693494,0.40048707,0.53821176
2022-01,0.44233796,0.37972263,0.50495327
2022-02,0.46310195,0.4036182,0.52258575
2022-03,0.52244544,0.45886517,0.5860257
2022-04,0.46466607,0.3878801,0.54145205
2022-05,0.5095083,0.42781386,0.5912028
2022-06,0.61852306,0.53014326,0.70690286
2022-07,0.5543678,0.4507761,0.6579595
2022-08,0.5672394,0.45295426,0.6815245
2022-09,0.46598956,0.36557928,0.5663998
2022-10,0.59221613,0.5035614,0.6808709
2022-11,0.32847944,0.25328442,0.40367448
2022-12,0.50483054,0.4360345,0.5736266
2023-01,0.4340632,0.36773878,0.5003876
2023-02,0.5982422,0.5287436,0.6677409
2023-03,0.79582953,0.7203765,0.8712826
2023-04,0.89254946,0.81214356,0.97295535
2023-05,0.64718044,0.56351805,0.7308428
2023-06,0.9042269,0.8070702,1.0013835
2023-07,0.87549806,0.7670674,0.9839288
2023-08,0.8896661,0.76717776,1.0121543
2023-09,1.0460725,0.94493854,1.1472064
2023-10,0.8013527,0.70380867,0.89889663
2023-11,0.80590487,0.7184768,0.893333
2023-12,0.7505273,0.67534477,0.8257099
2024-01,0.7717865,0.70751345,0.8360595
2024-02,0.8464158,0.77990526,0.9129264
2024-03,0.9011873,0.8316677,0.9707068
2024-04,0.75204307,0.6793417,0.8247445
2024-05,0.7823586,0.7077141,0.8570031
2024-06,0.767451,0.6778707,0.8570312
2024-07,0.88653356,0.7854755,0.9875916
2024-08,1.058074,0.94461685,1.1715311
2024-09,0.78035843,0.6830112,0.87770563
2024-10,0.8115742,0.72210103,0.90104735
2024-11,0.7205311,0.64367783,0.7973844
2024-12,0.64780325,0.5794539,0.7161526
