MMDD,   CLIMO,    2013,    2014,    2015,    2016,    2017,    2018,    2019,    2020,    2021,    2022,    2023,    2024,    2025
0101,  23.362,     NaN,  20.276,  25.870,  18.971,  20.846,  22.891,  13.599,  26.630,  25.787,  22.025,  18.112,  37.510,     NaN
0102,  22.866,  25.839,     NaN,  26.127,     NaN,  20.350,  21.745,  13.312,  26.024,  24.758,  21.556,  17.516,  36.800,  33.789
0103,  22.380,  20.903,  18.892,  24.081,  18.123,  19.864,  21.468,  12.622,  25.767,  23.498,  21.026,  17.338,  36.310,     NaN
0104,  21.908,  22.018,  20.059,  22.914,  18.086,  19.435,  21.439,  11.898,  25.380,  22.297,  20.374,  17.103,  35.671,     NaN
0105,  21.445,  21.172,  20.234,  22.478,  18.080,  19.000,  21.216,  11.546,  25.253,  21.472,  19.510,  16.402,  35.224,     NaN
0106,  20.991,  20.671,  19.296,  21.080,  17.662,  18.143,  20.903,  11.268,  25.329,  20.780,  19.238,  15.645,  34.645,     NaN
0107,  20.543,  19.794,  19.155,  19.858,  17.937,  17.494,  20.503,  11.334,  24.631,  20.088,  18.783,  15.247,  34.174,     NaN
0108,  20.103,  19.076,  19.086,  18.860,  17.684,  16.500,  19.506,  10.962,  23.273,  19.266,  17.662,  14.606,  32.133,     NaN
0109,  19.670,  18.302,  19.312,  18.489,  17.995,  17.018,  18.686,  10.659,  22.571,  18.832,  17.292,  14.474,  32.168,     NaN
0110,  19.246,  17.655,  18.503,  18.345,  18.323,  16.429,  18.280,  10.374,  22.291,  17.855,  17.075,  14.497,  31.122,     NaN
0111,  18.827,  18.039,  17.601,  18.352,  18.805,  16.051,  17.763,  10.256,  21.781,  17.651,  16.734,  14.506,  30.452,     NaN
0112,  18.416,  17.364,  16.707,  17.193,  18.611,  15.849,  17.803,  10.170,  21.138,  17.547,  16.107,  14.334,  30.045,     NaN
0113,  18.011,  17.367,  15.995,  17.383,  18.014,  15.591,  17.192,  10.255,  20.390,  17.539,  15.996,  13.956,  29.805,     NaN
0114,  17.609,  17.612,  15.865,  16.895,  15.971,  14.869,  16.687,  10.230,  19.519,  16.938,  15.941,  13.896,  29.780,     NaN
0115,  17.210,  17.828,  15.154,  16.726,  16.245,  14.428,  16.807,  10.184,  18.452,  16.415,  15.558,  13.879,  29.683,     NaN
0116,  16.837,  17.617,  13.924,  16.351,  17.542,  13.830,  16.673,  10.034,  17.858,  15.958,  15.095,  13.656,  29.512,     NaN
0117,  16.476,  17.894,  14.918,  15.590,  17.984,  13.429,  16.029,  10.039,  17.419,  16.060,  15.284,  13.510,  28.736,     NaN
0118,  16.094,  17.251,  15.079,  15.551,  18.140,  12.397,  15.845,   9.868,  17.170,  15.960,  15.153,  13.153,  28.101,     NaN
0119,  15.765,  17.030,  15.926,  15.292,  18.046,  12.136,  15.084,   9.585,  16.801,  15.485,  14.790,  12.889,  27.871,     NaN
0120,  15.443,  15.870,  15.376,  15.833,  16.658,  11.489,  14.669,   9.082,  16.019,  15.210,  14.693,  12.790,  27.510,     NaN
0121,  15.139,  15.395,  14.696,  15.735,  15.867,  11.536,  14.326,   9.052,  15.523,  14.682,  14.314,  12.535,  26.975,     NaN
0122,  14.855,  15.435,  14.486,  16.699,  16.424,  11.610,  14.507,   9.175,  15.236,  14.391,  13.981,  12.218,  26.381,     NaN
0123,  14.586,  15.689,  13.748,  17.028,  16.438,  11.556,  14.567,   9.255,  15.573,  14.511,  13.604,  11.818,     NaN,     NaN
0124,  14.330,  15.638,  13.656,  17.719,  15.783,  11.330,  14.405,   9.327,  15.170,  14.408,  13.572,  11.124,     NaN,     NaN
0125,  14.084,  14.674,  13.479,  17.573,  14.640,  11.280,  14.221,   8.909,  15.569,  14.196,  13.525,  10.986,     NaN,     NaN
0126,  13.848,  14.890,  12.931,  17.185,  13.573,  11.140,  14.091,   8.526,  15.375,  13.690,  13.120,  11.032,     NaN,     NaN
0127,  13.615,  15.390,  12.003,  16.927,  13.380,  11.551,  13.882,   8.200,  15.414,  13.567,  12.961,  10.565,     NaN,     NaN
0128,  13.384,  15.713,  11.206,  16.548,  12.719,  11.400,  13.473,   7.879,  15.831,  13.683,  12.867,  10.205,     NaN,     NaN
0129,  13.159,  15.801,  10.984,  15.805,  11.962,  11.488,  13.004,   7.834,  15.478,  13.457,  12.955,  10.042,     NaN,     NaN
0130,  12.937,  14.858,  10.273,  14.180,  11.326,  11.598,  12.622,   7.614,  15.558,  13.297,  12.909,   9.592,     NaN,     NaN
0131,  12.720,  13.901,   9.491,  14.429,  11.175,  11.108,  12.110,   7.842,  15.383,  12.867,  12.148,   9.139,     NaN,     NaN
0201,  12.509,  13.693,   8.875,  14.156,  11.663,  10.541,  11.592,   7.974,  15.021,  12.562,  12.033,   8.908,     NaN,     NaN
0202,  12.306,  13.172,   9.215,  13.806,  11.765,  10.090,  11.451,   7.558,  14.849,  12.381,  12.206,   8.824,     NaN,     NaN
0203,  12.112,  12.110,   9.586,  15.063,  11.742,   9.598,  11.546,   7.683,  14.657,  12.161,  12.153,   8.757,     NaN,     NaN
0204,  11.925,  11.848,   9.682,  16.240,  11.964,   9.208,  11.506,   7.510,  14.133,  12.022,  12.246,   8.755,     NaN,     NaN
0205,  11.751,  11.771,  10.030,  17.165,  12.194,   8.910,  11.235,   7.265,  13.816,  11.942,  12.226,   8.503,     NaN,     NaN
0206,  11.588,  12.127,   9.785,  17.086,  12.512,   9.018,  10.770,   7.281,  13.826,  11.710,  12.123,   8.330,     NaN,     NaN
0207,  11.439,  12.354,   9.897,  17.913,  11.824,   9.006,  10.417,   7.315,  13.609,  11.729,  12.089,   8.266,  22.116,     NaN
0208,  11.302,  11.918,   9.804,  17.125,  10.817,   8.674,   9.827,   7.066,  13.197,  11.614,  12.130,   8.228,  20.472,     NaN
0209,  11.177,  11.076,   9.173,  16.117,   9.840,   8.482,   9.614,   6.997,  12.496,  11.602,  12.078,   7.808,  19.364,     NaN
0210,  11.062,  11.022,   9.356,  16.751,   9.544,   8.291,   9.302,   7.275,  12.535,  11.548,  12.173,   7.427,  18.999,     NaN
0211,  10.960,  10.554,   9.295,  16.033,   9.356,   8.433,   9.102,   6.957,  12.000,  11.469,  11.888,   7.417,  18.683,     NaN
0212,  10.865,  10.335,   8.684,  14.854,   9.171,   8.621,   8.913,   6.757,  11.479,  11.260,  11.529,   7.253,  18.096,     NaN
0213,  10.779,   9.711,   8.679,  14.603,   8.723,   8.700,   8.625,   6.737,  10.943,  10.840,  11.345,   6.998,  17.905,     NaN
0214,  10.701,   9.616,   9.254,  13.102,   8.517,   8.611,   8.366,   6.406,  10.763,  10.424,  11.021,   6.744,  17.904,     NaN
0215,  10.630,   9.556,   9.288,  12.826,   8.386,   8.334,   7.956,   5.919,  11.325,  10.368,  10.605,   6.948,  18.272,     NaN
0216,  10.566,   9.822,   9.960,  13.161,   8.867,   8.013,   7.621,   5.648,  11.085,  10.408,  10.287,   7.012,  18.759,     NaN
0217,  10.509,   9.893,  10.454,  12.460,   8.671,   7.986,   7.354,   5.824,  11.123,  10.301,   9.972,   6.826,  19.123,     NaN
0218,  10.457,   9.088,  10.629,  12.593,   8.694,   8.306,   6.926,   6.131,  10.772,  10.172,   9.789,   6.446,  19.345,     NaN
0219,  10.409,   8.557,  11.063,  13.029,   9.547,   8.747,   7.060,   6.466,  10.270,  10.047,   9.976,   6.208,  19.690,     NaN
0220,  10.357,   8.859,  11.544,  12.721,   9.751,   8.840,   6.899,   6.664,   9.919,  10.162,  10.209,   5.643,  19.419,     NaN
0221,  10.304,   8.982,  11.504,  12.675,   9.430,   9.100,   6.853,   6.348,   9.716,   9.890,  10.343,   5.611,  19.192,     NaN
0222,  10.250,   9.337,     NaN,  12.972,   9.277,   9.339,   6.388,   6.202,   9.687,   9.611,  10.169,   5.642,  19.342,     NaN
0223,  10.195,   9.918,     NaN,  14.197,   9.936,   9.313,   5.887,     NaN,   9.967,   9.757,  10.127,   5.602,  19.064,     NaN
0224,  10.140,  10.436,     NaN,  15.051,   9.950,   8.988,   5.297,   6.129,  10.297,   9.661,  10.214,   5.377,  18.572,     NaN
0225,  10.087,  10.545,  10.546,  16.537,   9.965,   9.181,   5.070,   5.907,  10.540,   9.225,  10.329,   5.350,  17.953,     NaN
0226,  10.039,  10.636,   9.913,  17.070,  10.639,   9.717,   4.978,   5.798,  10.603,   8.666,  10.251,   5.343,  17.782,     NaN
0227,  10.002,  10.866,   9.905,  16.475,  11.875,   9.627,   5.142,   5.614,  11.053,   8.279,  10.024,   5.146,  18.252,     NaN
0228,   9.975,  10.896,   8.796,  15.277,  12.222,   9.571,   5.222,   5.395,  11.436,   8.144,  10.238,   5.085,  18.948,     NaN
0229,   9.957,     NaN,     NaN,     NaN,  11.962,     NaN,     NaN,     NaN,  11.676,     NaN,     NaN,     NaN,  19.199,     NaN
0301,   9.947,  11.565,   9.105,  13.990,  12.024,   9.685,   5.264,   5.224,  11.525,   7.946,  10.305,   5.197,  19.425,     NaN
0302,   9.945,  10.840,   8.702,  13.070,  11.849,   9.721,   5.318,   4.998,  11.455,   7.911,  10.486,   5.230,  19.139,     NaN
0303,   9.949,  11.167,   9.140,  12.993,  12.162,   9.512,   5.080,   4.885,  11.217,   7.683,  10.845,   5.336,  18.879,     NaN
0304,   9.958,  10.054,   8.835,  12.438,  12.322,   8.990,   5.267,   4.666,  11.017,   7.810,  11.014,   5.234,  18.910,     NaN
0305,   9.973,  11.389,   9.976,  12.456,  13.011,   8.554,   5.552,   4.665,  10.884,   8.072,  11.127,   5.113,  19.078,     NaN
0306,   9.995,  11.818,  10.745,  12.080,  12.808,   8.348,   6.050,   5.027,  10.500,   8.516,  10.824,   5.330,  19.460,     NaN
0307,  10.020,  10.363,  10.958,  11.693,  12.564,   8.132,   6.148,   5.309,  10.440,   9.038,  10.817,   5.377,  19.824,     NaN
0308,  10.052,  10.205,  10.534,  11.246,  12.636,   7.562,   5.805,   4.973,  10.637,   9.137,  10.922,   5.574,  19.906,     NaN
0309,  10.090,  10.381,  10.262,  10.788,  11.973,   7.506,   5.304,   5.102,  10.324,   8.997,  10.844,   5.559,  19.815,     NaN
0310,  10.134,   9.977,  10.735,  10.066,  10.819,   7.205,   5.311,   5.008,   9.881,   8.444,  10.628,   6.748,  20.343,     NaN
0311,  10.183,  10.105,  11.245,   8.878,  10.118,   6.756,   5.418,   5.076,   9.920,   7.971,  10.657,   7.063,  21.348,     NaN
0312,  10.235,  10.260,     NaN,   7.774,  10.139,   6.667,   5.317,   5.503,  10.495,   8.228,  10.879,   7.008,  22.243,     NaN
0313,  10.287,  10.815,     NaN,   7.598,   9.955,   6.919,   5.330,   5.362,  10.653,   7.998,  10.995,   7.436,  23.315,     NaN
0314,  10.342,   9.992,     NaN,   7.720,   9.758,   7.000,   5.115,   5.506,  10.744,   8.003,  11.130,   8.083,  23.584,     NaN
0315,  10.397,  10.191,     NaN,   7.977,   9.811,   7.971,   5.348,   5.364,  10.990,   8.258,  10.786,   8.728,  23.352,     NaN
0316,  10.446,  10.976,     NaN,   8.203,  10.665,   7.565,   5.512,   5.495,  11.380,   8.440,  10.553,   8.973,  23.106,     NaN
0317,  10.490,  10.114,  12.409,   7.392,  10.545,   7.541,   5.491,   5.541,  11.366,   8.176,  10.480,   8.844,  22.492,     NaN
0318,  10.535,  10.397,  12.848,   9.862,  10.399,   7.653,   5.512,   5.702,  10.960,   8.226,  10.283,   9.277,  22.071,     NaN
0319,  10.580,  10.389,  12.590,   9.303,  10.142,   7.851,   5.619,   5.721,  11.028,   8.299,  10.035,   9.218,  21.936,     NaN
0320,  10.628,  11.394,  13.113,   9.912,   9.813,   7.667,   5.990,   5.388,  11.357,   8.327,   9.862,   8.908,  21.941,     NaN
0321,  10.680,  11.015,  12.599,  10.998,   9.283,   8.007,   6.397,   6.239,  11.416,   8.451,   9.872,   9.005,  21.967,     NaN
0322,  10.739,  11.988,  11.880,  12.644,  10.038,   8.358,   7.056,   6.317,  11.489,   8.598,  10.006,   8.825,  23.323,     NaN
0323,  10.812,  12.821,  10.445,  14.241,  11.059,   8.399,   7.374,   6.657,  11.219,   9.219,   9.887,   8.753,  23.890,     NaN
0324,  10.899,  12.902,  10.117,  15.646,  11.718,   8.840,   7.432,   6.924,  10.872,   9.160,   9.824,   8.613,  24.064,     NaN
0325,  10.993,  12.206,   9.924,  15.932,  12.196,   9.061,   7.442,   7.076,  10.590,   9.345,   9.651,   8.748,  24.385,     NaN
0326,  11.094,  12.881,  10.577,  15.083,  11.970,   9.561,   7.612,   7.213,  10.782,   9.459,   9.514,   8.793,  25.356,     NaN
0327,  11.202,  14.030,  11.429,  14.878,  11.695,  10.051,   7.816,   7.341,  10.948,   9.506,   9.302,   8.623,  26.203,     NaN
0328,  11.315,  13.182,  11.692,  15.048,  12.052,  10.285,   7.777,   7.654,  11.123,   9.220,   9.717,   8.690,  26.772,     NaN
0329,  11.428,  12.708,  12.354,  14.342,  12.746,  10.699,   7.745,   7.841,  11.338,   8.804,   9.416,   8.443,  27.019,     NaN
0330,  11.542,  13.319,  12.786,  12.773,  12.677,  10.947,   7.461,   7.856,     NaN,   8.508,   9.731,   8.656,  26.633,     NaN
0331,  11.654,  13.055,  12.990,  11.604,     NaN,  11.051,   7.409,   7.799,  11.241,   8.816,   9.749,   8.743,  26.219,     NaN
0401,  11.767,  13.355,  12.984,  10.566,  11.905,  11.109,   7.224,   7.929,  11.199,   8.824,   9.582,   8.565,  26.541,     NaN
0402,  11.879,  13.476,  12.452,  10.433,  11.567,  11.340,   7.341,   8.467,  11.453,   8.849,   9.561,   8.273,  26.630,     NaN
0403,  11.990,  14.027,  11.818,   9.816,  11.685,  10.713,   7.552,   8.675,  11.696,   8.743,   9.788,   8.148,     NaN,     NaN
0404,  12.101,  14.189,  11.810,  10.129,  12.654,   9.778,   7.852,   9.243,  12.087,   8.931,   9.931,   8.394,     NaN,     NaN
0405,  12.214,  14.003,  11.828,  10.482,  13.423,   9.349,   8.406,   9.808,  12.354,   9.186,  10.048,   8.291,  25.744,     NaN
0406,  12.331,  14.667,  12.330,  10.875,  14.146,   9.397,   8.681,   8.757,  12.258,   8.574,  10.049,   8.079,  26.168,     NaN
0407,  12.453,  15.136,  12.191,  11.027,  14.481,  10.183,   8.678,   8.651,  12.466,   8.629,  10.182,   8.015,  26.860,     NaN
0408,  12.583,  14.832,  12.523,  10.787,  15.087,  12.104,   8.936,   9.216,  12.836,   9.380,  10.157,   7.769,  27.305,     NaN
0409,  12.721,  15.036,  12.108,  10.936,  15.923,  13.215,   9.518,   8.895,  13.528,   9.774,  10.152,   7.812,  27.846,     NaN
0410,  12.870,  14.710,  11.798,  10.488,  15.593,  13.439,   9.447,   8.776,  14.245,   9.737,  10.293,   8.894,  28.001,     NaN
0411,  13.028,  13.931,  11.405,  11.370,  15.052,  13.458,   9.881,   9.152,  15.154,  10.393,  10.155,   9.762,  27.859,     NaN
0412,  13.198,     NaN,  10.913,  11.957,  14.934,  13.353,   9.727,   9.569,  15.811,  10.442,  10.208,  10.126,  27.738,     NaN
0413,  13.377,  13.344,  10.852,  10.665,  15.137,  13.465,   9.847,   9.363,  16.422,  10.638,  10.245,  10.602,  27.562,     NaN
0414,  13.565,  14.200,  11.381,  10.049,  16.372,  13.060,   9.617,   8.980,  16.495,  10.888,  10.079,  10.950,  27.360,     NaN
0415,  13.763,  13.437,  12.108,   9.193,  17.867,  13.158,   9.918,   8.996,  16.302,  11.449,  10.274,  11.150,  27.138,     NaN
0416,  13.977,  12.802,  12.006,   8.925,  18.452,  12.897,  10.041,   9.232,  16.523,  11.545,  10.151,  11.182,  27.251,     NaN
0417,  14.206,  13.662,  12.017,   8.723,  18.546,  12.759,   9.885,   9.398,  17.156,  11.660,  10.374,  11.201,  27.259,     NaN
0418,  14.445,  13.798,  12.711,   9.227,  17.820,  12.146,   9.453,   9.643,  17.593,  11.812,  10.645,  11.747,  27.025,     NaN
0419,  14.691,  14.042,  12.882,   9.250,  16.418,  12.387,   9.601,  10.085,  17.948,  11.629,  11.576,  12.310,  26.824,     NaN
0420,  14.943,  14.162,  12.474,   9.435,  15.081,  12.524,   9.565,  10.128,  18.105,  11.686,  11.937,  12.435,  27.516,     NaN
0421,  15.197,  14.546,  11.442,   9.751,  14.863,  12.197,  10.232,   9.854,  17.987,  12.369,  12.427,  12.588,  27.885,     NaN
0422,  15.450,  16.738,  11.391,  10.762,  14.865,  13.094,  10.678,   9.976,  17.910,  12.609,  12.664,  13.130,  28.278,     NaN
0423,  15.693,  18.200,  12.038,  11.964,  14.804,  13.788,  10.944,  10.284,  17.886,  13.022,  13.133,  14.283,  28.987,     NaN
0424,  15.926,  18.228,  13.519,  13.020,  15.351,  14.575,  11.000,  10.725,  17.918,  13.404,  13.208,  16.334,  29.785,     NaN
0425,  16.153,  18.094,  13.377,  14.102,  15.535,  15.255,  11.525,  11.215,  18.082,  13.554,  13.084,  18.174,  30.818,     NaN
0426,  16.376,  18.190,  14.642,  15.654,  16.478,  15.453,  11.853,  11.271,  18.228,  14.083,  12.996,  20.292,  31.457,     NaN
0427,  16.593,  17.936,  15.350,  16.732,  18.169,  15.777,  12.475,  11.811,  18.026,  14.605,  12.900,  20.712,  31.257,     NaN
0428,  16.806,  17.726,  16.122,  16.733,  19.023,  16.100,  12.502,  12.621,  17.960,  14.952,  12.478,  21.319,  32.211,     NaN
0429,  17.020,  18.496,  16.094,  16.854,  19.609,  16.809,  12.270,  12.934,  18.099,  15.602,  12.108,  21.736,  32.249,     NaN
0430,  17.237,  19.685,  15.793,  17.333,  19.348,  16.986,  12.627,  13.137,  18.284,  15.935,  12.264,  22.030,  32.703,     NaN
0501,  17.457,  19.475,  14.996,  16.819,  20.072,  16.641,  12.647,  13.129,  18.244,  15.570,  12.364,  22.719,  32.692,     NaN
0502,  17.682,  20.591,  15.432,  17.557,  21.804,  16.688,  12.718,  12.807,  18.348,  15.771,  13.052,  23.270,  32.964,     NaN
0503,  17.916,  21.605,  16.981,  18.644,  22.171,  17.013,  12.762,  12.646,  18.172,  16.127,  13.709,  23.750,  33.270,     NaN
0504,  18.160,  21.254,  17.495,  20.035,  22.721,  17.218,  12.737,  12.239,  18.005,  16.237,  13.904,  23.906,  33.232,     NaN
0505,  18.411,  23.193,  17.268,  19.307,  23.063,  17.868,  12.913,  12.387,  17.910,  16.220,  14.119,  24.069,  33.216,     NaN
0506,  18.666,  26.556,  17.068,  18.188,  23.603,  18.151,  13.455,  12.399,  18.521,  16.449,  14.374,  23.449,  33.734,     NaN
0507,  18.922,  27.227,  17.257,  16.489,  23.741,  18.470,  13.731,  12.692,  18.786,  16.399,  14.985,  22.536,  34.703,     NaN
0508,  19.177,  25.515,  18.537,  15.229,  23.923,  18.845,  13.952,  12.780,  19.166,  16.419,  15.709,  21.918,  35.135,     NaN
0509,  19.429,  26.726,  16.671,  14.577,  23.689,  18.903,  13.902,  12.781,  19.520,  16.173,  17.018,  22.477,  35.705,     NaN
0510,  19.674,  24.581,  16.885,  14.218,  23.239,  19.286,  13.753,  12.876,  19.369,  16.400,  17.800,  23.284,  35.750,     NaN
0511,  19.912,  21.963,  16.383,  14.215,  23.066,  19.281,  14.067,  13.216,  19.886,  16.018,  18.261,  23.195,  35.923,     NaN
0512,  20.144,  21.302,  16.982,  14.093,  23.774,  19.292,  14.021,  13.400,  19.695,  16.283,  18.223,  23.355,  37.220,     NaN
0513,  20.372,  19.692,  16.647,  14.027,  24.505,  19.044,  13.943,  13.928,  19.548,  16.219,  18.179,  23.861,  37.867,     NaN
0514,  20.600,  19.523,  16.255,  13.877,  23.691,  19.089,  13.961,  14.263,  19.937,  16.253,  18.137,  24.323,  38.276,     NaN
0515,  20.825,  18.916,  15.107,  14.687,  23.310,  19.142,  13.900,  14.349,  19.832,  16.546,  17.602,  24.762,  38.589,     NaN
0516,  21.047,  19.347,  14.278,  15.612,  23.106,  18.928,  14.254,  14.904,  19.977,  16.364,  17.545,  24.492,  38.762,     NaN
0517,  21.264,  20.114,  14.612,  17.567,  23.699,  19.807,  14.632,  15.559,  20.127,  16.358,  17.428,  25.373,  39.454,     NaN
0518,  21.482,  20.628,  16.330,  18.172,  22.493,  21.021,  14.575,  16.270,  19.776,  17.011,  16.656,  27.321,  40.101,     NaN
0519,  21.691,  21.342,  17.256,  19.007,  21.553,  21.532,  14.127,  16.937,  20.103,  17.373,  16.439,  27.546,  40.492,     NaN
0520,  21.900,  22.222,  17.867,  19.192,  21.014,  21.918,  14.222,  17.667,  20.533,  17.820,  16.796,  27.703,  40.747,     NaN
0521,  22.109,  24.201,  19.753,  19.467,  21.685,  21.234,  14.264,  18.116,  21.584,  18.006,  16.807,  27.731,  41.925,     NaN
0522,  22.320,  24.662,  21.214,  19.403,  22.956,  20.226,  13.955,  18.231,  22.729,  17.286,  17.853,  27.423,  42.640,     NaN
0523,  22.537,  24.174,  21.261,  19.169,  23.905,  19.499,  13.898,  18.305,  23.073,  17.354,  17.953,  27.886,  42.752,     NaN
0524,  22.764,  22.513,  22.011,  18.742,  25.003,  19.180,  14.065,  19.549,  23.848,  17.430,  18.736,  29.181,  42.883,     NaN
0525,  22.999,  21.186,  21.234,  18.442,  25.114,  19.697,  14.385,  19.861,  24.598,  18.058,  19.488,  30.802,  42.604,     NaN
0526,  23.250,  21.909,  21.822,  19.486,  25.001,  20.971,  14.378,  20.360,  24.899,  18.151,  20.967,  31.631,  42.382,     NaN
0527,  23.507,  22.624,  21.202,  19.974,  24.726,  21.433,  14.144,  20.393,  25.127,  18.320,  22.067,  32.165,  42.876,     NaN
0528,  23.771,  22.699,  20.113,  20.105,  25.759,  21.769,  14.297,  21.435,  25.010,  19.033,  22.399,  32.555,  43.257,     NaN
0529,  24.042,  22.542,  18.226,  20.876,  26.595,  21.963,  15.303,  21.938,  24.890,  20.115,  22.922,  32.820,  43.051,     NaN
0530,  24.314,  22.132,  18.743,  20.428,  26.654,  22.570,  15.532,  22.836,  26.056,  20.937,  23.153,  33.743,  43.249,     NaN
0531,  24.582,  21.120,  19.244,  20.377,  26.410,  23.471,  15.363,  23.849,  26.480,  21.442,  23.224,  34.175,  44.051,     NaN
0601,  24.845,  22.895,  19.558,  21.159,  26.217,  24.325,  15.261,  24.202,  26.781,  21.751,  22.889,  34.181,  44.512,     NaN
0602,  25.101,  22.585,  18.765,  21.520,  24.345,  24.756,  14.631,  23.949,  27.506,  21.511,  23.221,  34.799,  45.644,     NaN
0603,  25.347,  21.633,  18.082,  21.182,  23.695,  24.802,  14.118,  23.520,  28.337,  21.753,  23.411,  34.544,  46.059,     NaN
0604,  25.582,  21.372,  17.415,  20.294,  24.064,  24.974,  14.279,  23.289,  28.964,  22.140,  23.642,  35.510,  46.401,     NaN
0605,  25.809,  23.180,  18.508,  19.515,  24.742,  25.353,  14.818,     NaN,  29.527,  22.070,  23.892,  38.210,  46.801,     NaN
0606,  26.029,  24.590,  20.265,  20.063,  25.608,  25.901,  14.401,  23.631,  29.633,  21.907,  23.974,  40.674,     NaN,     NaN
0607,  26.247,  26.303,  20.889,  19.806,  25.586,  25.099,  14.756,  23.996,  29.607,  21.800,  24.054,  42.361,  48.160,     NaN
0608,  26.461,  26.109,  21.519,  19.977,  24.710,  24.980,  15.498,  24.201,  29.455,  21.278,  24.147,  43.818,  48.040,     NaN
0609,  26.671,  25.477,  21.634,  19.215,  25.367,  25.471,  16.455,  24.674,  30.285,  20.813,  24.709,  44.324,  47.376,     NaN
0610,  26.878,  24.153,  21.507,  19.574,  27.479,  25.635,  17.287,  24.502,  31.738,  20.423,  23.911,  45.252,  47.589,     NaN
0611,  27.081,  26.133,  19.942,  20.791,  27.519,  25.954,  16.973,  25.079,  32.418,  20.752,  24.395,  46.137,  47.851,     NaN
0612,  27.280,  28.733,  19.560,  22.389,  26.466,  25.848,  16.761,  25.038,  33.278,  21.116,  24.941,  46.449,  48.221,     NaN
0613,  27.472,  28.831,  18.759,  22.359,  26.233,  25.822,  16.203,  25.108,  34.168,  21.054,  24.262,  46.382,  48.661,     NaN
0614,  27.659,  27.168,     NaN,  19.110,  25.678,  25.692,  14.636,  25.261,  34.255,  21.037,  25.302,  45.671,  48.548,     NaN
0615,  27.843,  26.029,     NaN,  17.418,  27.242,  25.954,  15.283,  25.284,  34.507,  22.529,  25.028,  45.151,  48.401,     NaN
0616,  28.028,  26.051,     NaN,  17.012,  27.766,  25.786,  15.432,  25.282,  34.400,  22.985,  24.906,  44.458,  48.201,     NaN
0617,  28.217,  25.175,     NaN,  17.838,  27.996,  26.180,  16.141,  25.258,  34.125,  23.180,  25.583,  44.230,  48.525,     NaN
0618,  28.406,  25.395,  18.717,  17.732,  28.253,  26.486,  16.869,  25.171,  34.425,  23.030,  26.290,  44.392,  49.875,     NaN
0619,  28.607,  25.521,  20.865,  19.564,  27.880,  25.973,  17.754,  24.755,  33.940,  24.650,  25.683,  44.489,  50.427,     NaN
0620,  28.811,  24.903,  20.731,  18.842,  27.947,  25.334,  19.222,  23.905,  33.634,  24.482,  26.085,  44.019,  50.354,     NaN
0621,  29.018,  25.185,  20.785,  19.177,  28.507,  25.872,  20.346,  23.654,  33.392,  24.765,  26.173,  44.640,  49.592,     NaN
0622,  29.228,  25.714,  23.887,  20.023,  28.739,  25.870,  21.061,  23.545,  33.102,  25.165,  26.858,  44.153,  49.524,     NaN
0623,  29.437,  27.195,  24.814,  20.509,  27.091,  26.085,  20.577,  23.605,  32.945,  24.826,  28.689,  43.268,  50.356,     NaN
0624,  29.642,  28.108,  23.859,  22.778,  27.359,  26.740,  19.669,  23.809,  31.825,  26.131,  30.071,  43.674,  49.995,     NaN
0625,  29.846,  27.739,  24.797,  23.863,  27.109,  26.402,  18.443,  24.948,  30.691,  26.992,  30.542,  44.224,  50.092,     NaN
0626,  30.040,  28.059,  24.199,  21.468,  27.517,  25.832,  18.180,  27.388,  31.630,  27.440,  30.576,  44.585,  50.190,     NaN
0627,  30.232,  28.178,  24.672,  21.345,  28.020,  25.594,  16.783,  27.906,  32.802,  27.981,  30.669,  43.844,  50.480,     NaN
0628,  30.426,  28.426,  23.019,  21.219,  29.102,  26.340,  15.258,  28.571,  32.331,  28.066,  30.030,  44.591,  51.257,     NaN
0629,  30.624,  29.340,  23.401,  22.505,  29.538,  26.477,  14.916,  28.014,  32.484,  27.584,  29.837,  45.711,  51.840,     NaN
0630,  30.821,  29.513,  23.151,  22.224,  30.044,  27.197,  15.327,  26.252,  33.468,  27.534,  29.563,  46.261,  52.143,     NaN
0701,  31.031,  29.265,  23.172,  22.925,  30.430,  28.239,  15.804,  24.702,  35.181,  27.121,  29.803,  46.617,  51.806,     NaN
0702,  31.250,  28.890,  24.359,  24.165,  30.646,  28.762,  15.584,  24.646,  35.122,  26.735,  30.728,  47.309,  51.710,     NaN
0703,  31.481,  27.763,  25.224,  24.201,  30.018,  29.044,  17.358,  25.674,  35.968,  27.453,  31.133,  47.430,  50.336,     NaN
0704,  31.723,  29.382,  25.971,  22.445,  29.693,  30.044,  19.049,  27.056,  36.252,  28.641,  31.194,  47.606,  50.697,     NaN
0705,  31.970,  30.384,  25.582,  22.724,  29.883,  31.433,  18.481,  28.252,  36.545,  29.046,  30.938,  47.640,  49.372,     NaN
0706,  32.221,  31.421,  26.378,  22.888,  29.266,  32.354,  19.880,  29.379,  36.957,  28.571,  31.485,  48.361,  48.572,     NaN
0707,  32.479,  32.109,  26.854,  23.923,  30.383,  32.107,  19.122,  29.831,  37.769,  27.916,  32.105,  49.320,  49.686,     NaN
0708,  32.733,  32.674,  28.508,  25.054,  31.325,  32.944,  19.734,  30.397,  38.295,  27.238,  32.531,  48.896,  48.968,     NaN
0709,  32.987,  32.760,  28.320,  25.644,  32.537,  32.067,  21.299,  29.930,  38.549,  26.544,  32.110,  48.875,  49.243,     NaN
0710,  33.241,  33.308,  29.132,  26.453,  33.040,  32.359,  21.036,  29.796,  38.511,  26.261,  31.371,  48.743,  50.059,     NaN
0711,  33.501,  33.757,  29.062,  27.532,  32.757,  32.083,  21.989,  31.326,  37.232,  26.058,  30.627,  48.899,  51.826,     NaN
0712,  33.768,  33.289,  27.599,  28.970,  32.293,  32.960,  21.149,  31.875,  36.472,  25.784,  30.985,  48.361,  51.969,     NaN
0713,  34.045,  32.959,  30.015,  30.776,  31.953,  33.285,  20.771,  32.298,  37.489,  27.891,  31.780,  48.773,  52.840,     NaN
0714,  34.334,  31.906,  27.367,  29.196,  33.462,  33.658,  19.522,  32.190,  37.358,  27.622,  31.550,  49.606,  52.159,     NaN
0715,  34.635,  33.182,  26.329,  31.319,  34.825,  34.943,  21.593,  31.692,  37.490,  27.029,  31.199,  50.001,  52.268,     NaN
0716,  34.948,  34.304,  27.142,  30.556,  34.992,  35.704,  22.755,  31.333,  38.461,  28.197,  31.918,  50.101,  53.595,     NaN
0717,  35.268,  35.498,  29.867,  28.421,  35.236,  36.244,  23.106,  31.301,  40.888,  29.015,  32.733,  50.001,  54.129,     NaN
0718,  35.594,  37.187,  29.741,  29.095,  36.033,  36.243,  23.157,  32.354,  42.213,  29.095,  33.064,  50.890,     NaN,     NaN
0719,  35.922,  37.650,  30.525,  30.428,  36.703,  36.590,  22.805,  32.462,  43.250,  28.199,  33.083,  51.027,  55.417,     NaN
0720,  36.249,  36.200,  28.324,  30.765,  36.298,  36.628,  22.380,  32.772,  44.273,  28.979,  33.144,  51.569,  55.004,     NaN
0721,  36.575,  35.481,  29.031,  31.976,  35.900,  36.432,  23.490,  33.594,  45.317,  29.568,  33.651,  51.515,  54.670,     NaN
0722,  36.902,  32.757,  28.600,  31.274,  35.780,  36.503,  22.956,  33.900,  45.602,  29.358,  33.828,  52.566,  55.055,     NaN
0723,  37.231,  32.403,  29.166,  32.098,  36.172,  37.479,  23.015,  34.897,  44.568,  29.544,  33.903,  53.261,  55.363,     NaN
0724,  37.564,  32.840,  28.473,  32.745,  36.863,  37.831,  24.117,  34.743,  44.000,  29.789,  34.021,  53.433,  55.194,     NaN
0725,  37.903,  32.684,  28.305,  31.335,  37.344,  38.144,  25.281,  34.837,  43.191,  30.305,  34.820,  54.072,  54.214,     NaN
0726,  38.247,  33.047,  27.772,  30.580,  37.451,  38.949,  25.706,  34.908,  43.941,  31.169,  35.666,  54.254,  53.734,     NaN
0727,  38.597,  34.966,  26.465,  28.600,  38.290,  39.334,  26.254,  35.026,  43.897,  33.164,  36.695,  54.734,  53.988,     NaN
0728,  38.954,  37.309,  26.240,  26.243,  39.211,  40.139,  26.447,  36.125,  43.626,  35.156,  37.386,  55.749,  55.894,     NaN
0729,  39.311,  39.423,  28.690,  25.587,  40.659,  41.057,  26.574,  37.239,  43.978,  35.620,  38.086,  55.473,  56.442,     NaN
0730,  39.666,  40.829,  30.231,  25.439,  41.175,  41.156,  26.555,  38.456,  43.733,  35.680,  38.272,  55.826,  57.665,     NaN
0731,  40.022,  41.890,  31.569,  27.368,  40.827,  41.216,  27.070,  39.103,  43.411,  35.465,  37.536,  57.358,  58.834,     NaN
0801,  40.368,  41.793,  32.996,  30.368,  41.113,  40.466,  26.366,  40.504,  44.285,  36.217,  37.267,  57.413,  59.497,     NaN
0802,  40.711,  38.866,  34.746,  32.906,  40.751,  39.805,  26.514,  41.024,  44.580,  37.403,  36.054,  58.949,  59.077,     NaN
0803,  41.048,  38.081,  35.141,  34.590,  41.111,  40.217,  26.966,  41.297,  45.887,  38.178,  36.053,  59.468,  58.913,     NaN
0804,  41.383,  38.780,  35.846,  35.255,  41.672,  40.587,  26.562,  40.965,  46.852,  38.327,  36.615,  60.244,  58.590,     NaN
0805,  41.721,  38.052,  35.182,  35.761,  42.822,  40.594,  26.191,  41.476,  48.036,  39.122,  37.803,  60.534,  58.269,     NaN
0806,  42.065,  36.121,  34.725,  35.668,  44.299,  41.723,  25.726,  41.343,  48.325,  39.672,  38.443,  60.763,  57.995,     NaN
0807,  42.413,  37.538,  35.738,  36.401,  45.948,  41.823,  25.054,  41.677,  47.606,  39.564,  38.623,  60.454,  58.778,     NaN
0808,  42.775,  40.052,  36.355,  37.147,  46.990,  42.130,  24.887,  42.357,  47.195,  39.574,  38.519,  60.241,  59.719,     NaN
0809,  43.149,  42.694,  36.615,  38.488,  46.053,  42.531,  25.782,  43.057,  47.168,  40.190,  39.039,  60.633,  60.349,     NaN
0810,  43.531,  44.502,  36.414,  39.157,  46.238,  43.396,  26.678,  43.623,  47.271,  40.396,  39.767,  62.230,  60.627,     NaN
0811,  43.918,  45.553,  36.792,  40.006,  46.626,  43.558,  28.066,  44.655,  47.737,  40.401,  40.347,  63.043,  60.687,     NaN
0812,  44.307,  45.745,  35.890,  40.528,  46.773,  44.101,  29.387,  44.096,  48.062,  40.846,  41.296,  62.835,  60.064,     NaN
0813,  44.694,  43.653,  35.839,  40.490,  46.983,  44.880,  30.417,  44.338,  48.353,  41.358,  42.160,  62.170,  60.023,     NaN
0814,  45.074,  44.177,  35.765,  42.643,  47.167,  45.382,  30.942,  43.540,  48.111,  41.800,  42.393,  62.193,  59.385,     NaN
0815,  45.447,  47.603,  35.208,  43.347,  46.303,  45.067,  31.988,  42.571,  47.830,  41.950,  43.901,  61.322,  59.543,     NaN
0816,  45.811,  46.275,  35.142,  43.103,  45.537,  45.454,  32.422,  41.738,  48.293,  41.780,  44.419,  59.828,  59.877,     NaN
0817,  46.169,  46.479,  36.254,  42.746,  45.493,  46.245,  33.381,  42.722,  48.812,  42.519,  45.478,  59.617,  60.167,     NaN
0818,  46.523,  47.422,  36.767,  40.320,  44.639,  46.367,  34.103,  42.374,  48.981,  43.230,  45.684,  60.250,  60.929,     NaN
0819,  46.877,  46.624,  37.847,  39.390,  43.512,  45.818,  34.739,  43.472,  49.017,  42.646,  46.109,  61.330,  62.366,     NaN
0820,  47.233,  47.391,  39.069,  37.400,  43.790,  44.705,  35.064,  44.253,  50.025,  41.807,  46.260,  62.720,  63.547,     NaN
0821,  47.592,  46.651,  40.362,  36.275,  45.266,  45.472,  35.696,  45.556,  51.302,  41.861,  46.433,  63.266,  64.608,     NaN
0822,  47.953,  45.686,  41.880,  36.578,  47.338,  45.336,  36.276,  45.939,  52.060,  41.717,  47.153,  63.371,  64.751,     NaN
0823,  48.316,  44.917,  43.080,  37.683,  48.246,  45.572,  36.817,  46.513,  52.465,  42.065,  47.279,  64.240,  65.288,     NaN
0824,  48.676,  46.314,  43.311,  39.530,  48.320,  46.389,  37.095,  46.582,  53.296,  42.024,  48.525,  65.336,  66.717,     NaN
0825,  49.032,  48.073,  44.605,  41.256,  48.177,  47.547,  37.539,  46.943,  52.831,  42.044,  49.755,  67.343,  67.278,     NaN
0826,  49.382,  49.277,  42.561,  42.837,  48.719,  48.668,  37.536,  46.971,  52.583,  41.989,  50.237,  68.729,  67.019,     NaN
0827,  49.728,  48.171,  42.633,  43.371,  50.191,  50.455,  37.146,  47.920,  52.104,  42.428,  50.223,  70.240,  66.971,     NaN
0828,  50.070,  47.696,  42.526,  43.479,  50.221,  51.761,  36.004,  48.753,  51.727,  43.125,  50.457,  71.802,  67.135,     NaN
0829,  50.410,  49.819,  42.842,  44.885,  49.574,  53.084,  35.879,  49.844,  50.618,  43.776,  50.270,  71.404,  67.429,     NaN
0830,  50.749,  52.354,  43.784,  46.564,  49.115,  53.314,  36.090,  50.817,  50.036,  44.786,  49.156,  70.013,  67.747,     NaN
0831,  51.089,  51.431,  44.241,  46.973,  48.892,  53.556,  37.039,  50.953,  51.640,  45.683,  49.052,  69.039,  67.512,     NaN
0901,  51.430,  53.077,  43.741,  47.304,  48.288,  53.539,  37.406,  51.702,  53.000,  45.779,  48.932,  68.571,  67.622,     NaN
0902,  51.771,  51.800,  43.134,  48.719,  46.176,  54.790,  37.586,  52.223,  54.283,  46.387,  48.905,  68.724,  67.875,     NaN
0903,  52.111,  50.837,  43.681,  49.487,  45.259,  55.470,  37.868,  53.189,  55.332,  47.043,  49.575,  69.468,  67.615,     NaN
0904,  52.447,  49.922,  43.096,  51.680,  46.231,  56.318,  38.230,  54.046,  55.930,  46.233,  50.284,  70.374,  67.424,     NaN
0905,  52.779,  50.190,  42.544,  52.779,  47.490,  56.545,  38.753,  55.120,  56.066,  45.943,  51.159,  70.654,  67.087,     NaN
0906,  53.108,  50.845,  44.479,  53.034,  48.731,  56.677,  39.824,  55.837,  55.981,  45.842,  52.447,  71.867,  67.259,     NaN
0907,  53.431,  51.105,  45.837,  54.417,  48.922,  55.353,  40.870,  56.516,  55.388,  46.346,  53.705,  72.055,  67.984,     NaN
0908,  53.749,  52.124,  47.679,  54.636,  49.242,  53.750,  41.471,  57.502,  55.439,  46.261,  54.570,  72.520,  67.870,     NaN
0909,  54.060,  53.194,  47.570,  56.246,  49.310,  53.060,  42.421,  58.567,  55.489,  47.439,  56.048,  72.015,  68.026,     NaN
0910,  54.365,  53.527,  47.014,  56.302,  48.646,  53.345,  42.928,  58.990,  56.386,  48.305,  56.992,  71.590,  67.816,     NaN
0911,  54.661,  53.313,  46.062,  55.299,  48.899,  53.220,  43.511,  59.078,  57.179,  48.517,  57.267,  71.049,  67.452,     NaN
0912,  54.947,  53.003,  45.635,  53.359,  49.123,  53.397,  43.469,  59.376,  58.027,  48.852,  57.138,  71.496,  67.334,     NaN
0913,  55.220,  53.174,  47.347,  53.032,  49.057,  53.961,  43.094,  59.588,  58.337,  49.445,  56.832,  72.357,  67.614,     NaN
0914,  55.481,     NaN,  47.932,  52.491,  50.535,  54.313,  43.712,  59.076,  59.002,  49.651,  56.464,  73.399,  68.300,     NaN
0915,  55.728,     NaN,  47.030,  51.399,  51.016,  55.747,  43.947,  59.822,  58.316,  50.623,  56.448,  74.224,  69.544,     NaN
0916,  55.959,     NaN,  45.900,  51.321,  52.568,  56.223,  44.424,  59.008,  58.241,  51.803,  56.223,  74.113,  70.082,     NaN
0917,  56.172,     NaN,  48.549,  49.295,  53.351,  55.516,  44.871,  58.465,  58.015,  51.624,  56.345,  74.608,  70.985,     NaN
0918,  56.369,  53.038,  48.229,  50.750,  53.403,  55.364,  45.080,  57.750,  57.685,  51.938,  55.516,  75.410,  71.670,     NaN
0919,  56.549,  54.002,  48.838,  52.809,  52.791,  54.679,  44.212,  57.752,  57.699,  52.264,  54.521,  75.496,  72.852,     NaN
0920,  56.713,  54.024,  49.508,  53.489,  53.147,  53.886,  42.500,  57.771,  57.315,  53.082,  53.930,  75.945,  73.792,     NaN
0921,  56.862,  55.954,  50.216,  55.229,  54.403,  53.463,  43.468,  58.087,  58.134,  53.196,  54.129,  75.415,  74.874,     NaN
0922,  56.994,  56.813,  49.196,  54.897,  53.639,  53.310,  43.394,  57.826,  59.184,  53.985,  54.562,  75.131,  75.804,     NaN
0923,  57.112,  57.060,  49.762,  55.937,  54.698,  54.568,  43.560,  57.399,  61.236,  54.686,  54.966,  74.646,  76.786,     NaN
0924,  57.219,  56.428,  50.347,  56.544,  56.185,  54.852,  43.745,  58.718,  62.518,  54.940,  55.646,  74.857,  77.244,     NaN
0925,  57.317,  57.697,  51.596,  57.091,  56.326,  53.394,  43.419,  58.951,  62.969,  54.992,  56.447,  74.700,  76.552,     NaN
0926,  57.407,  56.502,  52.420,  59.799,  57.389,  53.778,  42.596,  58.977,  65.117,  55.884,  56.297,  74.626,  74.639,     NaN
0927,  57.489,  55.249,  51.619,  62.054,  57.220,  53.966,  42.634,  58.375,  65.370,  56.843,  56.237,  74.208,  74.494,     NaN
0928,  57.563,     NaN,  50.579,  63.036,  56.580,  54.073,  42.656,  58.189,  65.055,  57.304,  56.131,  73.787,  73.788,     NaN
0929,  57.629,     NaN,  51.391,  62.946,  55.122,  54.179,  43.008,  58.374,  63.317,  57.856,  56.045,  73.982,  73.029,     NaN
0930,  57.694,     NaN,  50.234,  62.606,  52.882,  54.578,  43.798,  59.468,  62.060,  58.466,  55.592,  74.610,  73.138,     NaN
1001,  57.755,     NaN,  49.612,  63.097,  51.298,  53.815,  43.714,  59.488,  60.427,  57.563,  55.452,  74.258,  73.966,     NaN
1002,  57.810,     NaN,  49.319,  63.656,  50.901,  53.456,  44.880,  60.408,  58.842,  56.759,  54.508,  73.511,  74.703,     NaN
1003,  57.857,     NaN,  48.280,  62.661,  50.601,  52.635,  45.597,  61.326,  57.730,  55.398,  54.965,  74.225,  74.731,     NaN
1004,  57.896,  54.948,  47.351,  61.704,  49.208,  52.422,  46.156,  61.361,  57.036,  54.637,  54.753,  74.158,  74.922,     NaN
1005,  57.924,  56.143,  46.977,  62.529,  47.359,  52.300,  46.242,  61.035,  57.054,  54.607,  55.643,  73.405,  75.291,     NaN
1006,  57.939,  56.926,  48.922,  61.306,  47.973,  52.283,  46.073,  61.276,  57.361,  53.668,  56.209,  73.559,  75.843,     NaN
1007,  57.936,  58.086,  51.166,  59.922,  46.911,  52.014,  45.720,  61.834,  56.619,  52.846,  56.229,  74.107,  75.694,     NaN
1008,  57.912,  56.936,  52.596,  59.282,  46.613,  51.571,  44.948,  61.505,  57.323,  52.917,  55.883,  75.183,  76.665,     NaN
1009,  57.869,  57.428,  54.811,  57.426,  47.855,  52.595,  45.014,  61.253,  57.119,  52.788,  54.742,  75.339,  76.297,     NaN
1010,  57.808,  58.592,  54.550,  57.697,  47.300,  53.033,  45.298,  60.740,  56.935,  53.089,  53.384,  75.703,  76.100,     NaN
1011,  57.733,  58.618,  54.413,  58.303,  45.711,  52.483,  45.532,  59.999,  56.700,  52.986,  53.546,  76.040,  76.006,     NaN
1012,  57.646,  57.938,  54.669,  58.772,  45.938,  53.336,  46.232,  60.085,  56.277,  53.562,  53.192,  76.064,  75.325,     NaN
1013,  57.552,  56.653,  53.544,  59.497,  47.309,  53.251,  46.986,  60.424,  56.128,  52.974,  53.267,  75.996,  75.091,     NaN
1014,  57.457,  55.629,  52.922,  61.331,  49.310,  53.302,  46.599,  60.086,  56.357,  53.349,  53.119,  76.156,  75.099,     NaN
1015,  57.362,  54.199,  52.544,  62.005,  50.936,  51.974,  46.396,  59.172,  56.371,  52.744,  53.106,  76.719,  75.429,     NaN
1016,  57.269,  54.816,  51.862,  60.802,  52.287,  50.342,  46.668,  58.787,  56.439,  54.319,  53.598,  77.762,  75.720,     NaN
1017,  57.178,  51.270,  52.240,  61.360,  54.836,  49.327,  46.491,  57.915,  56.359,  54.550,  53.577,  78.021,  74.836,     NaN
1018,  57.091,  59.736,  54.277,  62.214,  56.621,  48.365,  45.701,  57.933,  56.092,  54.395,  53.543,  77.223,  74.353,     NaN
1019,  57.004,  58.277,  54.493,  62.748,  56.094,  48.162,  44.462,  57.545,  56.674,  55.079,  54.082,  76.776,  73.014,     NaN
1020,  56.915,  57.747,  56.002,  62.566,  54.013,  49.581,  43.401,  57.702,  56.168,  54.592,  54.296,  75.129,  71.775,     NaN
1021,  56.817,  56.828,     NaN,  62.730,  51.923,  48.450,  42.910,  58.414,  56.697,  54.792,  54.193,  73.877,  70.752,     NaN
1022,  56.707,  57.402,     NaN,  62.878,  50.055,  48.057,  43.313,  58.315,  57.086,  54.325,  54.034,  72.459,  69.167,     NaN
1023,  56.585,  56.072,  56.252,  62.453,  49.080,  47.664,  43.236,  58.161,  56.960,  53.695,  54.686,  71.237,  69.209,     NaN
1024,  56.449,  55.413,  55.004,  62.470,  49.984,  47.607,  43.816,  57.859,  57.048,  52.254,  54.711,  71.787,  69.543,     NaN
1025,  56.294,  54.289,  54.017,  62.189,  50.275,  46.929,  44.755,  57.604,  57.080,  51.085,  55.078,  72.204,  69.183,     NaN
1026,  56.120,  54.509,  53.931,  61.839,  50.688,  46.760,  45.931,  57.552,  55.633,  51.018,  54.574,  72.406,  69.282,     NaN
1027,  55.928,  53.486,  53.586,  60.830,  50.728,  47.974,  47.079,  57.578,  54.243,  51.001,  54.551,  71.975,  69.183,     NaN
1028,  55.716,  54.570,  54.381,  60.255,  50.362,  49.505,  48.169,  57.471,  52.929,  50.758,  54.664,  70.896,  68.712,     NaN
1029,  55.486,  53.723,  55.363,  59.067,  50.906,  49.455,  48.819,  57.606,  51.821,  51.343,  54.894,  69.443,  68.155,     NaN
1030,  55.236,  52.892,  55.983,  58.733,  50.582,  49.439,  48.794,  57.670,  51.049,  51.150,  54.982,  69.055,  67.738,     NaN
1031,  54.961,  51.631,  56.747,  59.133,  51.229,  49.475,  49.514,  58.061,  50.466,  50.796,  54.352,  69.715,  67.988,     NaN
1101,  54.663,  51.439,  57.719,  58.534,  52.595,  49.278,  49.504,  58.623,  50.012,  51.136,  54.029,  70.166,  68.027,     NaN
1102,  54.347,  51.959,  57.433,  57.870,  53.199,  48.725,  50.194,  57.777,  49.017,  51.768,  54.127,  70.961,  67.617,     NaN
1103,  54.014,  51.804,  57.901,  56.658,  51.659,  48.222,  49.689,  57.513,  48.413,  52.265,  53.524,  70.760,  67.324,     NaN
1104,  53.667,  50.809,  57.151,  54.493,  52.170,  47.702,  48.866,  57.312,  48.129,  52.530,  52.810,  70.135,  67.270,     NaN
1105,  53.308,  51.617,  55.430,  54.492,  53.089,  47.814,  48.185,  56.838,  48.239,  52.858,  52.205,  68.738,  67.806,     NaN
1106,  52.940,  52.031,  54.512,  53.557,  51.676,  48.428,  47.335,  56.344,  48.548,  52.152,  52.128,  68.131,  67.583,     NaN
1107,  52.571,  52.899,  54.374,  53.234,  51.482,  48.364,  46.677,  54.761,  47.979,  51.289,  51.394,  67.501,  67.127,     NaN
1108,  52.200,  53.830,  51.611,  52.832,  51.350,  47.785,  46.307,  53.506,  47.199,  50.904,  50.951,  67.459,  65.717,     NaN
1109,  51.824,  51.580,  50.823,  50.231,  52.614,  47.680,  45.834,  52.231,  47.392,  50.994,  49.759,  67.301,  65.717,     NaN
1110,  51.443,  49.903,  51.887,  49.249,  52.854,  48.077,  45.470,  51.164,  47.633,  50.848,  49.563,  67.173,  65.880,     NaN
1111,  51.055,  50.183,  50.812,  48.537,  52.334,  48.255,  44.144,  50.735,  47.683,  50.574,  49.640,  66.574,  65.576,     NaN
1112,  50.661,  47.329,  49.346,  47.279,  50.172,  47.657,  43.290,  50.166,  47.833,  49.732,  49.569,  65.204,  64.431,     NaN
1113,  50.259,  45.527,  49.671,  47.049,  49.206,  47.097,  41.959,  49.675,  47.570,  48.999,  49.001,  63.624,  64.081,     NaN
1114,  49.845,  44.586,  49.205,  47.216,  50.316,  46.345,  41.410,  50.152,  47.276,  48.291,  47.870,  62.475,  63.302,     NaN
1115,  49.419,  44.157,  48.819,  47.024,  50.172,  44.947,  41.238,  49.585,  46.691,  48.026,  47.111,  61.665,  61.943,     NaN
1116,  48.981,  44.595,  47.461,  45.760,  49.963,  45.038,  40.447,  50.281,  45.607,  47.645,  46.687,  59.996,  61.219,     NaN
1117,  48.533,  45.821,  46.076,  43.568,  50.014,  44.236,  39.461,  49.833,  45.095,  46.674,  46.102,  58.686,  60.860,     NaN
1118,  48.074,  45.760,  45.673,  41.930,  49.442,  44.002,  38.134,  50.233,  44.222,  45.582,  44.271,  58.446,  60.290,     NaN
1119,  47.602,  44.841,  45.561,  40.709,  49.711,  44.002,  37.314,  50.033,  43.347,  45.039,  43.634,  57.564,  59.602,     NaN
1120,  47.116,  46.023,  44.934,  40.842,  48.609,  44.365,  36.755,  49.302,  41.700,  44.672,  43.072,  56.022,  59.034,     NaN
1121,  46.620,  46.033,  44.981,  41.704,  48.044,  45.324,  36.032,  48.630,  40.400,  44.059,  42.237,  55.516,  58.892,     NaN
1122,  46.117,  44.368,  44.068,  41.066,  46.327,  45.531,  35.136,  48.111,  39.798,  44.143,  41.539,  56.246,  58.881,     NaN
1123,  45.606,  43.447,  42.765,  40.830,  45.997,  45.313,  34.363,  47.537,  39.968,  44.472,  40.325,  56.607,  59.462,     NaN
1124,  45.086,  43.650,  43.019,  40.958,  46.139,  45.684,  34.299,  47.129,  39.905,  44.296,  39.565,  57.066,  59.027,     NaN
1125,  44.558,  43.480,  43.031,  40.456,  45.563,  45.573,  33.809,  46.583,  40.068,  44.577,  38.181,  57.082,  59.060,     NaN
1126,  44.024,  44.507,  41.549,  39.281,  45.401,  45.192,  33.061,  46.316,  40.067,  44.650,  37.065,  56.488,  58.440,     NaN
1127,  43.488,  44.277,  40.546,  38.258,  44.449,  45.284,  32.567,  45.650,  39.313,  44.046,  36.973,  55.460,  57.432,     NaN
1128,  42.950,  44.213,  40.715,  37.880,  44.038,  44.755,  31.800,  44.957,  38.526,  44.027,  36.089,  55.324,  57.320,     NaN
1129,  42.406,  43.857,  40.839,  37.950,  43.974,  43.598,  32.128,  44.005,  38.084,  44.092,  35.494,  54.759,  57.467,     NaN
1130,  41.860,  42.976,  42.280,  37.637,  43.523,  43.238,  32.066,  43.393,  37.773,  43.569,  34.891,  54.619,  57.724,     NaN
1201,  41.314,  41.915,  41.976,  37.495,  43.866,  42.996,  31.987,  43.509,  37.710,  43.127,  34.475,  53.952,  57.381,     NaN
1202,  40.768,  41.826,  41.383,  37.351,  43.690,  42.455,  31.434,  43.420,  36.892,  42.858,  33.614,  53.612,  56.305,     NaN
1203,  40.221,  40.535,  39.247,  37.273,  43.153,  42.072,  30.553,  43.911,  36.522,  41.675,  32.825,  53.230,  54.531,     NaN
1204,  39.670,  39.989,  37.785,  36.656,  42.339,  42.035,  29.501,  44.026,  35.942,  40.763,  32.025,  52.333,  53.318,     NaN
1205,  39.116,  41.165,  37.180,  34.893,  42.213,  41.576,  28.625,  42.878,  35.435,  40.076,  31.732,  51.594,  52.551,     NaN
1206,  38.558,  40.265,  36.857,  34.570,  42.336,  41.317,  27.968,  42.729,  35.304,  39.397,  31.596,  50.275,  51.833,     NaN
1207,  37.995,  39.843,  36.218,  34.653,  40.525,  41.393,  28.044,     NaN,  34.182,  38.700,  31.781,  50.291,  50.423,     NaN
1208,  37.425,  38.645,  34.142,  33.842,  39.315,  39.388,  27.302,  41.651,  33.773,  36.797,  30.786,  48.494,  49.503,     NaN
1209,  36.847,  38.414,  33.223,  32.871,  37.912,  37.950,  26.709,  41.132,  33.913,  35.386,  30.745,  48.496,  48.554,     NaN
1210,  36.262,  38.152,  33.248,  32.434,  37.836,  37.093,  25.929,  40.108,  33.672,  34.925,  30.301,  47.521,  47.297,     NaN
1211,  35.673,  37.965,  32.452,  31.474,  37.927,  36.094,  25.361,  38.908,  33.118,  34.463,  29.748,  46.717,  46.431,     NaN
1212,  35.081,  36.686,  31.691,  30.730,  36.839,  35.220,  24.524,  37.146,  32.969,  33.799,  29.146,  45.845,  45.739,     NaN
1213,  34.481,  34.332,  30.595,  30.344,  35.785,  34.979,  23.543,  35.829,  32.507,  32.929,  28.793,  44.853,  44.958,     NaN
1214,  33.882,  33.890,  30.403,  30.241,  35.222,  34.129,  22.724,  35.148,  31.983,  32.651,  28.087,  43.841,  43.865,     NaN
1215,  33.284,  32.681,  30.110,     NaN,  33.858,  33.666,  22.164,  35.015,  32.000,  31.835,  27.218,  42.651,  43.708,     NaN
1216,  32.666,  30.892,  29.826,     NaN,  33.393,  33.483,  21.877,  33.822,  31.962,  30.898,  27.016,  42.030,  42.137,     NaN
1217,  32.044,  28.546,  31.877,  29.357,  32.170,  33.526,  21.013,  33.215,  30.820,  30.281,  26.025,  41.330,  41.544,     NaN
1218,  31.452,  26.105,  30.210,  29.043,  31.558,  32.781,  20.118,  32.553,  30.575,  29.062,  25.707,  40.911,  41.378,     NaN
1219,  30.819,  25.198,  30.298,  28.431,  31.271,  31.800,  19.510,  31.908,  30.536,  28.464,  25.354,  40.266,  40.629,     NaN
1220,  30.201,  25.830,  28.877,  27.961,  30.898,  31.000,  18.992,  31.124,  29.974,  27.581,  24.814,  39.841,  39.741,     NaN
1221,  29.586,  25.837,  29.475,     NaN,  30.494,  31.305,  18.615,  30.511,  29.360,  26.849,  24.353,  39.168,  38.138,     NaN
1222,  28.973,  24.847,  28.933,  25.772,  29.494,  30.191,  18.659,  30.040,  28.654,  26.155,  23.826,  38.054,  37.476,     NaN
1223,  28.367,  24.556,  28.930,  25.037,  27.703,  29.486,  18.120,  29.392,  28.041,  26.109,  23.043,  37.165,  36.519,     NaN
1224,  27.768,  24.568,  28.060,  24.527,  27.180,  28.931,  17.616,  28.186,  27.443,  24.817,  22.429,  36.965,  35.587,     NaN
1225,  27.177,     NaN,  27.033,  24.035,  25.600,  28.263,  17.225,  26.835,  26.754,  24.050,  21.561,  36.904,  36.232,     NaN
1226,  26.597,  23.243,  27.313,  22.824,  24.266,  27.308,  16.656,  26.836,  26.698,  23.651,  20.533,  37.039,  36.908,     NaN
1227,  26.028,  22.264,  27.488,  22.057,  23.613,  26.292,  16.392,  26.463,  26.303,  23.682,  20.112,  37.939,  36.397,     NaN
1228,  25.470,  21.828,  26.874,  21.433,  23.157,  25.621,  15.894,  26.429,  25.801,  23.483,  19.306,  38.427,  35.686,     NaN
1229,  24.923,  20.800,  26.134,  21.103,  22.473,  25.114,  15.319,  26.966,  25.374,  23.324,  19.010,  38.470,  34.965,     NaN
1230,  24.389,  20.729,  24.997,  20.343,  21.848,  24.268,  14.776,  27.205,  25.483,  22.624,  18.970,  38.563,  35.160,     NaN
1231,  23.869,  21.304,  25.580,  19.651,  21.470,  23.523,  14.100,  27.264,  25.998,  22.430,  18.648,  38.533,     NaN,     NaN
