polllster;date;AP;H;Frp;SV;Sp;Krf;V;MDG;R;Other
InFact/VG;31.08.2017;29,0 (54);21,5 (39);13,0 (23);6,6 (12);11,2 (20);5,5 (10);3,4 (1);4,8 (9);3,1 (1);2,0 (0)
Verian/TV2;31.08.2017;27,1 (50);25,0 (47);14,9 (28);5,3 (10);11,1 (21);4,1 (8);3,8 (3);3,2 (1);3,3 (1);2,4 (0)
Respons/Aftenp / BT / Adressa;31.08.2017;26,1 (48);23,9 (41);16,6 (30);6,2 (10);8,8 (14);5,4 (9);4,9 (8);4,7 (8);2,4 (1);1,0 (0)
Norstat/VL;31.08.2017;25,6 (47);24,2 (43);16,7 (30);5,2 (9);10,3 (19);4,9 (9);3,1 (1);5,2 (9);3,8 (2);1,7 (0)
Verian/TV2;30.08.2017;26,7 (49);24,7 (46);15,4 (28);5,9 (11);11,1 (21);4,2 (8);3,6 (2);3,5 (3);2,8 (1);2,0 (0)
Norstat/NRK;29.08.2017;24,4 (46);25,7 (46);15,0 (27);6,1 (11);10,6 (19);6,0 (11);3,3 (1);4,2 (7);2,7 (1);2,0 (0)
Verian/TV2;29.08.2017;25,7 (48);25,1 (46);16,3 (30);6,5 (12);10,4 (19);4,2 (8);3,9 (3);3,6 (2);2,6 (1);1,7 (0)
Verian/TV2;28.08.2017;26,5 (49);24,0 (44);16,0 (30);6,5 (12);11,2 (21);4,0 (7);3,7 (2);3,9 (3);2,6 (1);1,6 (0)
Verian/TV2;27.08.2017;26,8 (49);24,2 (45);16,7 (31);5,7 (10);11,2 (21);3,7 (3);3,1 (1);4,6 (8);2,9 (1);1,2 (0)
Ipsos/Dagbladet;25.08.2017;29,5 (55);23,3 (43);15,0 (29);5,9 (11);10,0 (18);4,4 (8);3,4 (2);2,6 (1);3,8 (2);2,1 (0)
Verian/TV2;24.08.2017;27,9 (52);23,3 (43);15,4 (29);5,5 (10);12,1 (22);3,2 (2);3,2 (1);4,7 (9);3,1 (1);1,5 (0)
InFact/VG;24.08.2017;27,6 (51);22,2 (40);12,0 (22);6,6 (12);12,0 (22);5,3 (9);3,6 (2);4,9 (9);3,6 (2);2,3 (0)
Respons/Aftenp / BT / Adressa;24.08.2017;27,3 (50);25,1 (46);15,5 (29);4,5 (8);10,8 (20);4,5 (8);3,7 (2);3,9 (4);3,2 (2);1,5 (0)
Norstat/NRK;23.08.2017;29,0 (52);22,4 (39);14,2 (27);5,5 (10);9,5 (16);5,1 (9);4,0 (7);4,4 (8);2,7 (1);3,1 (0)
Sentio/DN;22.08.2017;27,0 (48);24,2 (42);13,1 (23);5,1 (9);11,1 (19);5,3 (9);4,1 (7);6,1 (11);2,5 (1);1,6 (0)
Verian/TV2;20.08.2017;28,4 (53);23,8 (44);12,7 (23);6,4 (12);10,5 (20);5,3 (10);3,5 (2);3,4 (2);3,8 (3);2,2 (0)
InFact/VG;19.08.2017;30,5 (56);21,9 (40);12,1 (22);5,6 (10);10,9 (20);5,2 (9);4,1 (7);3,9 (3);3,7 (2);2,4 (0)
Verian/TV2;15.08.2017;30,3 (56);21,5 (40);13,7 (26);3,6 (1);12,6 (24);3,9 (3);4,4 (8);3,1 (2);4,7 (9);2,1 (0)
Norstat/NRK;15.08.2017;27,1 (50);23,8 (43);16,7 (30);5,2 (9);9,2 (16);5,0 (9);3,9 (3);4,6 (8);1,8 (1);2,7 (0)
Respons/Aftenp / BT / Adressa;11.08.2017;28,1 (52);24,8 (45);13,6 (25);6,4 (12);10,1 (19);5,1 (9);3,6 (2);3,7 (3);2,7 (2);1,9 (0)
Opinion/ANB;10.08.2017;30,0 (54);24,9 (44);12,3 (22);4,1 (7);10,8 (19);6,0 (11);3,2 (2);4,3 (8);2,9 (2);1,5 (0)
Norfakta/Nat. / KK;05.08.2017;31,9 (59);26,1 (48);13,8 (25);4,6 (8);9,5 (17);4,7 (9);3,1 (1);2,1 (1);1,8 (1);2,5 (0)
InFact/VG;04.08.2017;30,0 (55);22,7 (42);12,6 (23);5,2 (10);11,9 (22);5,2 (10);3,2 (2);3,6 (3);3,2 (2);2,3 (0)
Ipsos/Dagbladet;29.09.2017;26,1 (49);24,4 (45);14,4 (27);7,4 (14);10,2 (19);3,9 (3);5,4 (10);3,3 (1);2,7 (19);2,3 (0)
Norstat/VL;28.09.2017;24,9 (46);25,1 (46);15,0 (28);7,3 (14);11,3 (21);3,2 (2);4,7 (9);2,8 (1);3,7 (2);1,9 (0)
Sentio/DN;21.09.2017;26,2 (49);26,8 (51);14,7 (28);6,4 (12);11,4 (21);3,9 (3);3,9 (3);3,3 (1);2,4 (1);0,9 (0)
Verian/TV2;09.09.2017;28,1 (51);23,8 (43);14,6 (26);5,6 (10);10,2 (19);4,4 (8);4,6 (8);3,9 (3);3,1 (1);1,7 (0)
Norstat/Norstat;08.09.2017;27,2 (51);23,9 (42);14,8 (27);6,7 (12);10,0 (18);4,6 (8);3,2 (1);4,4 (8);3,0 (2);2,2 (0)
Verian/TV2;08.09.2017;28,6 (52);23,4 (42);15,2 (27);5,5 (10);10,5 (19);4,3 (8);3,9 (3);4,0 (7);3,3 (1);1,3 (0)
Opinion/ANB;08.09.2017;26,4 (47);25,9 (47);15,3 (28);6,0 (11);8,6 (15);3,4 (2);2,5 (0);5,7 (10);4,9 (9);1,3 (0)
InFact/VG;08.09.2017;28,0 (51);21,5 (37);12,6 (22);8,1 (14);10,7 (18);4,7 (8);5,2 (9);4,4 (8);3,3 (2);1,5 (0)
Norfakta/Nat. / KK;08.09.2017;26,3 (48);25,8 (44);13,8 (24);5,0 (9);10,5 (18);5,3 (9);4,2 (7);4,5 (8);3,1 (2);0,0 (0)
Verian/TV2;07.09.2017;28,1 (51);23,4 (42);15,2 (28);5,7 (10);10,1 (18);5,0 (9);4,1 (7);3,7 (3);3,0 (1);1,8 (0)
Ipsos/Dagbladet;07.09.2017;27,2 (51);23,2 (39);15,3 (28);6,2 (11);9,4 (16);4,2 (7);4,7 (8);4,4 (7);3,5 (2);2,1 (0)
Respons/Aftenp / BT / Adressa;07.09.2017;25,6 (48);24,7 (44);14,3 (26);7,3 (13);9,9 (17);5,5 (10);4,5 (8);2,7 (1);3,1 (2);2,4 (0)
Verian/TV2;06.09.2017;27,0 (49);24,8 (45);14,8 (27);5,7 (10);10,3 (18);4,5 (8);4,3 (8);3,7 (3);2,9 (1);2,0 (0)
Norstat/NRK;06.09.2017;25,8 (46);24,2 (44);17,0 (31);5,9 (11);9,6 (17);4,5 (8);3,5 (2);4,6 (8);3,2 (2);1,6 (0)
Verian/TV2;05.09.2017;27,5 (50);24,4 (45);14,7 (27);5,7 (10);9,6 (18);4,4 (8);4,7 (9);3,4 (1);3,6 (1);2,0 (0)
InFact/VG;05.09.2017;29,3 (55);23,4 (44);12,8 (24);5,5 (10);10,0 (19);5,1 (9);3,9 (3);3,9 (3);3,8 (2);2,3 (0)
Verian/TV2;04.09.2017;26,5 (48);24,5 (44);14,3 (26);5,1 (9);10,9 (20);4,4 (8);4,8 (9);3,8 (2);3,4 (2);2,2 (0)
Verian/TV2;03.09.2017;26,1 (49);26,1 (49);14,7 (27);4,8 (9);11,0 (20);3,8 (3);4,3 (8);3,5 (2);3,6 (2);2,2 (0)
Norstat/VL;29.09.2021;27,3 (51);20,8 (36);11,2 (20);8,7 (15);12,8 (22);3,5 (3);4,3 (7);4,4 (8);4,0 (7);3,2 (0)
Sentio/NA / Amedia;24.09.2021;28,2 (55);20,0 (35);11,2 (19);7,5 (13);12,0 (21);3,1 (1);4,1 (7);5,5 (9);5,4 (9);2,9 (0)
Verian/TV2;11.09.2021;24,6 (46);19,0 (33);12,3 (21);8,7 (15);12,7 (25);3,8 (3);4,5 (7);5,1 (8);5,7 (10);3,6 (1)
Norfakta/Nat. / KK;11.09.2021;24,0 (44);19,1 (34);11,8 (22);8,2 (15);14,8 (28);3,6 (3);3,8 (2);5,9 (11);5,4 (10);3,5 (0)
Opinion/DA / FF / ANB;10.09.2021;26,9 (49);18,9 (34);11,9 (20);7,7 (13);14,8 (27);3,3 (2);4,5 (8);4,8 (8);4,6 (8);2,5 (0)
Verian/TV2;10.09.2021;24,5 (46);19,4 (35);11,3 (17);9,1 (14);13,2 (26);4,2 (6);4,4 (7);4,9 (8);5,9 (9);3,3 (1)
Ipsos/Dagbladet;09.09.2021;22,9 (43);17,0 (30);11,8 (20);11,8 (20);12,2 (21);4,2 (7);6,1 (11);4,3 (7);6,0 (10);3,7 (0)
Verian/TV2;09.09.2021;23,9 (44);19,1 (34);10,9 (17);9,2 (14);12,7 (26);4,9 (8);4,8 (8);4,7 (7);6,7 (10);3,3 (1)
Norstat/NRK;09.09.2021;24,7 (47);20,4 (34);12,0 (21);8,9 (14);11,9 (23);4,2 (6);4,9 (8);4,9 (8);4,9 (8);3,1 (0)
Norstat/DN;09.09.2021;24,6 (45);18,8 (34);11,9 (22);9,0 (16);11,6 (21);3,9 (3);5,8 (11);4,9 (9);4,6 (8);4,9 (0)
Respons/BT / VG;09.09.2021;26,6 (49);18,0 (32);12,4 (22);9,4 (17);11,1 (20);4,5 (8);3,9 (2);4,2 (8);6,0 (11);3,9 (0)
Verian/TV2;08.09.2021;23,7 (43);19,1 (34);11,2 (18);9,3 (15);13,4 (26);4,5 (7);4,6 (7);4,7 (8);6,4 (11);3,1 (0)
Verian/TV2;07.09.2021;23,8 (45);18,6 (32);11,1 (18);8,9 (14);13,8 (27);4,3 (7);4,8 (8);5,0 (8);6,2 (10);3,7 (0)
Norstat/NRK / Aftenp;07.09.2021;23,9 (44);18,5 (34);12,4 (23);8,6 (16);14,3 (28);3,4 (2);3,6 (2);5,4 (10);5,2 (10);4,7 (0)
Verian/TV2;06.09.2021;23,3 (43);19,4 (36);10,9 (17);9,5 (15);14,0 (27);4,1 (7);4,7 (7);4,7 (8);5,6 (9);3,8 (0)
Verian/TV2;05.09.2021;23,4 (43);20,5 (37);10,0 (18);9,4 (16);14,0 (27);3,6 (3);4,6 (8);4,3 (8);5,4 (9);4,9 (0)
Respons/BT / VG;02.09.2021;23,2 (42);20,1 (36);11,5 (20);10,4 (19);12,6 (22);3,6 (3);5,5 (10);4,9 (9);4,6 (8);3,6 (0)
Verian/TV2;02.09.2021;23,2 (43);21,2 (38);9,0 (16);9,5 (16);12,4 (23);4,3 (7);4,8 (8);5,0 (9);5,1 (9);5,4 (0)
Norstat/Aftenp.;01.09.2021;23,1 (43);19,6 (36);11,3 (19);10,6 (18);12,2 (21);4,7 (8);4,5 (8);4,8 (8);5,0 (8);3,9 (0)
Norstat/VL;01.09.2021;23,7 (42);19,0 (35);11,5 (20);10,0 (18);12,6 (22);3,7 (3);4,9 (9);5,8 (10);5,4 (10);3,4 (0)
Verian/TV2;01.09.2021;23,4 (44);21,5 (40);10,7 (18);9,7 (16);11,0 (19);4,1 (7);4,8 (8);5,0 (9);4,9 (8);4,9 (0)
Verian/TV2;29.08.2021;22,6 (42);19,2 (35);11,8 (20);10,2 (18);11,5 (22);3,8 (3);4,4 (8);5,0 (9);7,2 (12);4,3 (0)
Ipsos/Dagbladet;27.08.2021;23,6 (44);20,0 (37);12,5 (23);9,7 (18);12,5 (23);2,6 (1);3,4 (2);6,3 (12);4,6 (9);4,7 (0)
Norstat/DN;26.08.2021;26,2 (49);20,0 (36);11,3 (20);8,0 (14);12,0 (21);3,3 (2);4,9 (9);5,7 (10);4,9 (8);3,8 (0)
Respons/BT / VG;26.08.2021;26,6 (50);21,1 (37);9,4 (16);6,7 (11);11,9 (21);4,4 (7);4,5 (7);6,7 (11);5,3 (9);3,4 (0)
Verian/TV2;25.08.2021;22,4 (42);20,5 (38);10,7 (19);9,9 (18);11,2 (20);3,7 (3);4,8 (9);5,3 (9);6,3 (11);5,2 (0)
Sentio/Nettavisen;24.08.2021;23,9 (45);19,1 (36);9,8 (18);8,8 (16);13,2 (25);3,9 (3);3,8 (2);7,2 (14);5,4 (10);4,9 (0)
Norstat/Aftenp.;23.08.2021;26,8 (50);18,9 (35);10,5 (19);9,5 (17);12,8 (24);3,6 (3);3,8 (2);5,3 (10);4,7 (9);4,2 (0)
Verian/TV2;22.08.2021;22,7 (43);19,7 (36);9,3 (17);9,5 (17);13,0 (26);3,4 (2);4,4 (8);5,1 (9);5,9 (11);7,0 (0)
Respons/BT / VG;19.08.2021;24,9 (43);20,3 (36);11,6 (20);9,5 (16);11,3 (20);4,2 (7);5,0 (9);5,8 (10);4,7 (8);2,7 (0)
Norstat/NRK / Aftenp;17.08.2021;22,1 (43);21,9 (39);8,6 (16);7,6 (14);17,1 (35);2,9 (1);4,1 (7);6,7 (12);3,2 (2);5,8 (0)
Verian/TV2;15.08.2021;22,8 (43);21,2 (37);7,7 (13);9,3 (16);13,7 (29);5,1 (9);3,4 (2);6,3 (11);5,1 (9);5,6 (0)
Norstat/NRK;12.08.2021;25,5 (47);21,1 (38);10,9 (19);6,9 (12);16,2 (32);3,1 (2);3,3 (2);4,3 (8);4,9 (9);3,9 (0)
Norstat/DN;12.08.2021;24,0 (44);19,1 (34);10,1 (17);8,6 (15);16,1 (32);3,2 (1);4,3 (8);5,9 (10);4,6 (8);4,1 (0)
Respons/VG;12.08.2021;24,8 (44);18,9 (35);11,4 (19);9,4 (16);15,3 (30);3,3 (2);4,0 (7);5,1 (9);4,3 (7);3,5 (0)
Opinion/DA / FF / ANB;11.08.2021;22,6 (43);21,2 (40);9,3 (18);8,8 (17);19,2 (37);4,0 (8);3,8 (2);3,5 (2);3,8 (2);3,8 (0)
Verian/TV2;09.08.2021;23,5 (44);18,2 (33);9,3 (17);8,6 (16);16,4 (32);3,8 (3);3,2 (2);4,5 (8);7,5 (14);5,0 (0)
Norfakta/Nat. / KK;07.08.2021;23,7 (42);20,8 (35);10,9 (19);8,6 (15);15,8 (32);2,8 (1);4,5 (8);4,5 (8);5,3 (9);3,0 (0)
Verian/TV2;30.08.2025;28,1 (52);14,5 (26);20,5 (40);6,3 (11);5,9 (10);4,5 (8);3,9 (3);6,0 (10);5,5 (9);4,6 (0)
Verian/TV2;28.08.2025;29,3 (54);15,7 (29);19,2 (36);6,1 (10);6,4 (11);4,6 (8);3,2 (2);5,6 (9);5,9 (10);4,1 (0)
Norstat/NRK;27.08.2025;27,6 (51);14,6 (26);21,2 (41);6,8 (11);5,6 (9);4,7 (7);4,4 (7);4,6 (7);6,4 (10);4,1 (0)
Respons/VG / Aftenp. / BT;26.08.2025;28,0 (53);16,8 (29);18,5 (36);6,6 (10);6,8 (11);4,5 (7);4,5 (7);5,0 (7);5,8 (9);3,6 (0)
Verian/TV2;26.08.2025;27,0 (49);15,8 (28);21,0 (40);5,6 (9);6,3 (11);5,4 (9);3,7 (3);4,7 (8);6,8 (11);3,8 (1)
Verian/TV2;22.08.2025;26,7 (50);14,9 (24);22,8 (44);5,8 (10);6,0 (10);5,2 (8);3,2 (2);4,8 (8);7,3 (12);3,4 (1)
Opinion/DA / FF / ANB;20.08.2025;24,8 (47);17,9 (34);21,5 (41);5,5 (10);6,8 (13);4,5 (8);3,9 (3);3,6 (3);5,6 (10);5,8 (0)
Respons/VG / Aftenp. / BT;19.08.2025;24,8 (49);14,5 (24);21,9 (41);6,3 (10);7,0 (13);4,3 (7);5,3 (8);4,4 (7);6,4 (10);5,2 (0)
Norstat/NRK / VL / Dagbl.;15.08.2025;28,2 (55);14,6 (24);20,5 (41);7,1 (11);5,3 (9);4,8 (8);3,8 (3);4,7 (8);6,3 (10);4,5 (0)
InFact/Nettavisen;13.08.2025;26,9 (54);13,2 (22);23,9 (46);5,5 (9);5,6 (9);5,6 (9);5,1 (8);3,7 (3);5,7 (9);5,0 (0)
Respons/VG / Aftenp. / BT;11.08.2025;28,0 (52);15,2 (27);20,7 (38);7,1 (12);7,0 (12);4,6 (8);5,1 (9);2,8 (1);5,8 (10);3,8 (0)
Verian/TV2;10.08.2025;28,8 (53);16,2 (28);20,7 (40);6,2 (10);4,9 (8);4,6 (8);4,4 (7);3,5 (3);6,3 (11);4,4 (1)
Norfakta/Nat. / KK;09.08.2025;26,8 (50);14,4 (26);20,9 (39);6,2 (11);6,7 (12);3,8 (3);5,6 (10);4,2 (7);6,3 (11);5,2 (0)
Opinion/ABC / AT;06.08.2025;26,7 (50);15,8 (30);23,6 (46);6,7 (13);6,2 (12);3,1 (2);3,3 (3);3,2 (2);5,8 (11);5,7 (0)
Verian/TV2;06.09.2025;27,3 (52);14,9 (25);21,3 (41);5,7 (9);6,0 (10);4,7 (8);3,9 (3);6,4 (11);5,3 (9);4,7 (1)
Respons/VG / Aftenp. / BT;06.09.2025;29,5 (55);14,9 (27);18,9 (36);5,8 (9);6,2 (9);5,1 (8);4,5 (7);5,6 (8);6,4 (10);3,1 (0)
Norfakta/Nat. / KK;06.09.2025;27,0 (51);13,5 (21);20,8 (42);5,3 (8);7,0 (13);5,8 (9);4,1 (6);6,0 (10);5,6 (9);4,9 (0)
Verian/TV2;05.09.2025;27,7 (51);15,0 (26);21,0 (41);5,8 (10);5,8 (10);4,2 (7);3,9 (3);6,4 (11);5,3 (9);4,8 (1)
Norstat/NRK / VL / Dagbl.;05.09.2025;26,4 (50);14,3 (25);20,4 (39);6,0 (9);6,2 (10);4,2 (7);4,3 (7);7,2 (11);6,9 (11);4,1 (0)
Verian/TV2;04.09.2025;28,5 (53);14,7 (25);21,0 (42);5,8 (10);5,7 (9);3,9 (3);4,2 (7);5,9 (10);5,1 (9);5,1 (1)
Opinion/DA / FF / ANB;04.09.2025;27,5 (51);13,1 (21);19,6 (37);8,0 (13);5,4 (9);6,1 (10);4,2 (7);6,3 (10);6,6 (11);3,2 (0)
Verian/TV2;03.09.2025;27,4 (51);14,6 (26);21,6 (42);5,6 (9);5,8 (9);4,2 (6);4,2 (6);6,4 (10);5,5 (9);4,7 (1)
InFact/Nettavisen;03.09.2025;26,5 (49);13,6 (22);21,8 (43);5,4 (9);6,3 (10);5,2 (8);5,1 (8);4,6 (8);7,3 (12);4,3 (0)
Opinion/ABC / AT;03.09.2025;26,7 (50);13,4 (22);22,4 (43);5,2 (9);6,5 (11);3,7 (3);4,6 (8);7,0 (12);6,7 (11);4,0 (0)
Verian/TV2;02.09.2025;26,2 (50);15,2 (27);21,3 (40);6,3 (11);6,0 (10);4,3 (7);4,0 (3);6,2 (10);5,7 (10);4,9 (1)
Respons/VG / Aftenp. / BT;02.09.2025;26,6 (52);14,8 (28);20,3 (40);6,2 (9);4,8 (7);4,6 (7);4,6 (7);7,1 (10);6,6 (9);4,5 (0)
Verian/TV2;01.09.2025;25,6 (49);15,6 (29);22,3 (42);6,5 (10);5,3 (8);4,5 (7);4,0 (6);5,8 (9);5,6 (8);4,8 (1)
